"CountryState";"Binomial";"IntrodDate"
"AFGHANISTAN";"Columba livia";1996
"ÅLAND ISLANDS";"Branta canadensis";2008
"ÅLAND ISLANDS";"Cygnus olor";1934
"ÅLAND ISLANDS";"Phasianus colchicus";1998
"ALBANIA";"Columba livia";1996
"ALBANIA";"Phasianus colchicus";1998
"ALGERIA";"Bubulcus ibis";1799
"ALGERIA";"Columba livia";1996
"ALGERIA";"Corvus monedula";1981
"ALGERIA";"Lagonosticta senegala";1940
"ALGERIA";"Stigmatopelia senegalensis";1981
"AMERICAN SAMOA";"Acridotheres fuscus";1986
"AMERICAN SAMOA";"Acridotheres tristis";1980
"AMERICAN SAMOA";"Pycnonotus cafer";1958
"ANDORRA";"Columba livia";1996
"ANDORRA";"Perdix perdix";2003
"ANDORRA";"Phasianus colchicus";1998
"ANGOLA";"Columba livia";2005
"ANGOLA";"Lonchura fringilloides";1933
"ANGUILLA ISLAND";"Columba livia";2005
"ANGUILLA ISLAND";"Gallus gallus";2005
"ANGUILLA ISLAND";"Gallus varius";2005
"ANGUILLA ISLAND";"Quiscalus lugubris";1911
"ANTIGUA AND BARBUDA";"Agapornis fischeri";2003
"ANTIGUA AND BARBUDA";"Columba livia";1981
"ANTIGUA AND BARBUDA";"Icterus icterus";1998
"ANTIGUA AND BARBUDA";"Numida meleagris";1790
"ANTIGUA AND BARBUDA";"Quiscalus lugubris";1910
"ANTIGUA AND BARBUDA";"Sicalis luteola";1920
"ANTIGUA AND BARBUDA";"Streptopelia decaocto";2003
"ARGENTINA";"Acridotheres cristatellus";1981
"ARGENTINA";"Brotogeris versicolurus";1998
"ARGENTINA";"Callipepla californica";1943
"ARGENTINA";"Carduelis carduelis";2001
"ARGENTINA";"Carduelis chloris";1900
"ARGENTINA";"Chrysolophus amherstiae";1920
"ARGENTINA";"Chrysolophus pictus";1920
"ARGENTINA";"Columba livia";1996
"ARGENTINA";"Lophura leucomelanos";1920
"ARGENTINA";"Lophura nycthemera";1920
"ARGENTINA";"Passer domesticus";1872
"ARGENTINA";"Rhea pennata";1936
"ARGENTINA";"Sturnus vulgaris";1998
"ARGENTINA";"Tachyphonus rufus";1999
"ARMENIA";"Columba livia";1996
"ARUBA";"Columba livia";2005
"ARUBA";"Passer domesticus";1978
"ARUBA";"Sicalis flaveola";2003
"AUSTRALIA Australian Capital Territory";"Acridotheres tristis";1968
"AUSTRALIA Australian Capital Territory";"Turdus merula";1949
"AUSTRALIA Australian Capital Territory";"Columba livia";1850
"AUSTRALIA New South Wales";"Acridotheres tristis";1862
"AUSTRALIA New South Wales";"Alauda arvensis";1963
"AUSTRALIA New South Wales";"Alectoris chukar";1993
"AUSTRALIA New South Wales";"Alectoris graeca";1975
"AUSTRALIA New South Wales";"Anas platyrhynchos";1861
"AUSTRALIA New South Wales";"Cacatua leadbeateri";1998
"AUSTRALIA New South Wales";"Carduelis carduelis";1880
"AUSTRALIA New South Wales";"Carduelis chloris";1889
"AUSTRALIA New South Wales";"Columba livia";1850
"AUSTRALIA New South Wales";"Cygnus olor";1897
"AUSTRALIA New South Wales";"Emberiza citrinella";1981
"AUSTRALIA New South Wales";"Euplectes albonotatus";1981
"AUSTRALIA New South Wales";"Gallus gallus";1900
"AUSTRALIA New South Wales";"Grallina cyanoleuca";1924
"AUSTRALIA New South Wales";"Lonchura malacca";1929
"AUSTRALIA New South Wales";"Lonchura punctulata";1925
"AUSTRALIA New South Wales";"Nymphicus hollandicus";1998
"AUSTRALIA New South Wales";"Passer domesticus";1864
"AUSTRALIA New South Wales";"Passer montanus";1864
"AUSTRALIA New South Wales";"Pycnonotus jocosus";1880
"AUSTRALIA New South Wales";"Stigmatopelia chinensis";1850
"AUSTRALIA New South Wales";"Sturnus vulgaris";1856
"AUSTRALIA New South Wales";"Turdus merula";1857
"AUSTRALIA New South Wales";"Turdus philomelos";1928
"AUSTRALIA New South Wales";"Tyto novaehollandiae";1920
"AUSTRALIA New South Wales";"Struthio camelus";1925
"AUSTRALIA New South Wales";"Callipepla californica";1880
"AUSTRALIA New South Wales";"Pavo cristatus";1950
"AUSTRALIA Northern Territory";"Streptopelia roseogrisea";2003
"AUSTRALIA Northern Territory";"Columba livia";1850
"AUSTRALIA Northern Territory";"Passer domesticus";1980
"AUSTRALIA Queensland";"Acridotheres tristis";1883
"AUSTRALIA Queensland";"Carduelis carduelis";1910
"AUSTRALIA Queensland";"Columba livia";1850
"AUSTRALIA Queensland";"Gallus gallus";1899
"AUSTRALIA Queensland";"Lonchura punctulata";1930
"AUSTRALIA Queensland";"Numida meleagris";1960
"AUSTRALIA Queensland";"Passer domesticus";1900
"AUSTRALIA Queensland";"Stigmatopelia chinensis";1912
"AUSTRALIA Queensland";"Stigmatopelia senegalensis";1981
"AUSTRALIA Queensland";"Sturnus vulgaris";1856
"AUSTRALIA Queensland";"Turdus merula";1857
"AUSTRALIA Queensland";"Cygnus olor";1912
"AUSTRALIA Queensland";"Pavo cristatus";1950
"AUSTRALIA South Australia";"Meleagris gallopavo";1994
"AUSTRALIA South Australia";"Acridotheres tristis";1958
"AUSTRALIA South Australia";"Alauda arvensis";1882
"AUSTRALIA South Australia";"Alectura lathami";1936
"AUSTRALIA South Australia";"Anas platyrhynchos";1861
"AUSTRALIA South Australia";"Callocephalon fimbriatum";1998
"AUSTRALIA South Australia";"Carduelis carduelis";1862
"AUSTRALIA South Australia";"Carduelis chloris";1879
"AUSTRALIA South Australia";"Cereopsis novaehollandiae";1930
"AUSTRALIA South Australia";"Columba livia";1850
"AUSTRALIA South Australia";"Dacelo novaeguineae";1926
"AUSTRALIA South Australia";"Dromaius novaehollandiae";1926
"AUSTRALIA South Australia";"Geopelia placida";1991
"AUSTRALIA South Australia";"Gymnorhina tibicen";1981
"AUSTRALIA South Australia";"Ocyphaps lophotes";1937
"AUSTRALIA South Australia";"Passer domesticus";1863
"AUSTRALIA South Australia";"Platycercus eximius";1981
"AUSTRALIA South Australia";"Pycnonotus jocosus";1981
"AUSTRALIA South Australia";"Stigmatopelia chinensis";1931
"AUSTRALIA South Australia";"Sturnus vulgaris";1856
"AUSTRALIA South Australia";"Turdus merula";1857
"AUSTRALIA South Australia";"Struthio camelus";1925
"AUSTRALIA South Australia";"Pavo cristatus";1919
"AUSTRALIA Tasmania";"Acridotheres tristis";1899
"AUSTRALIA Tasmania";"Alauda arvensis";1867
"AUSTRALIA Tasmania";"Anas platyrhynchos";1955
"AUSTRALIA Tasmania";"Cacatua roseicapilla";1925
"AUSTRALIA Tasmania";"Callipepla californica";1925
"AUSTRALIA Tasmania";"Carduelis carduelis";1827
"AUSTRALIA Tasmania";"Carduelis chloris";1941
"AUSTRALIA Tasmania";"Carduelis flammea";1912
"AUSTRALIA Tasmania";"Cereopsis novaehollandiae";1968
"AUSTRALIA Tasmania";"Columba livia";1850
"AUSTRALIA Tasmania";"Dacelo novaeguineae";1975
"AUSTRALIA Tasmania";"Dromaius novaehollandiae";1968
"AUSTRALIA Tasmania";"Emberiza citrinella";2003
"AUSTRALIA Tasmania";"Fringilla coelebs";1964
"AUSTRALIA Tasmania";"Gallinula mortierii";1969
"AUSTRALIA Tasmania";"Gallirallus australis";1830
"AUSTRALIA Tasmania";"Gymnorhina tibicen";1979
"AUSTRALIA Tasmania";"Meleagris gallopavo";1949
"AUSTRALIA Tasmania";"Menura novaehollandiae";1911
"AUSTRALIA Tasmania";"Passer domesticus";1865
"AUSTRALIA Tasmania";"Phasianus colchicus";1854
"AUSTRALIA Tasmania";"Stigmatopelia chinensis";1895
"AUSTRALIA Tasmania";"Sturnus vulgaris";1840
"AUSTRALIA Tasmania";"Turdus merula";1857
"AUSTRALIA Tasmania";"Turdus philomelos";1981
"AUSTRALIA Tasmania";"Bubulcus ibis";1965
"AUSTRALIA Tasmania";"Platycercus elegans";1998
"AUSTRALIA Tasmania";"Cygnus olor";1944
"AUSTRALIA Tasmania";"Pavo cristatus";1979
"AUSTRALIA Victoria";"Acridotheres tristis";1862
"AUSTRALIA Victoria";"Alauda arvensis";1852
"AUSTRALIA Victoria";"Anas platyrhynchos";1864
"AUSTRALIA Victoria";"Carduelis carduelis";1857
"AUSTRALIA Victoria";"Carduelis chloris";1863
"AUSTRALIA Victoria";"Columba livia";1872
"AUSTRALIA Victoria";"Lonchura castaneothorax";1965
"AUSTRALIA Victoria";"Lonchura punctulata";1976
"AUSTRALIA Victoria";"Menura novaehollandiae";1911
"AUSTRALIA Victoria";"Passer domesticus";1855
"AUSTRALIA Victoria";"Passer montanus";1863
"AUSTRALIA Victoria";"Phasianus colchicus";1858
"AUSTRALIA Victoria";"Pycnonotus jocosus";1917
"AUSTRALIA Victoria";"Stigmatopelia chinensis";1865
"AUSTRALIA Victoria";"Sturnus vulgaris";1856
"AUSTRALIA Victoria";"Trichoglossus chlorolepidotus";1998
"AUSTRALIA Victoria";"Turdus merula";1857
"AUSTRALIA Victoria";"Turdus philomelos";1856
"AUSTRALIA Victoria";"Callipepla californica";1861
"AUSTRALIA Victoria";"Cygnus olor";1853
"AUSTRALIA Victoria";"Struthio camelus";1925
"AUSTRALIA Victoria";"Pavo cristatus";1870
"AUSTRALIA Western Australia";"Anas platyrhynchos";1911
"AUSTRALIA Western Australia";"Atrichornis clamosus";1983
"AUSTRALIA Western Australia";"Cacatua galerita";1934
"AUSTRALIA Western Australia";"Carduelis carduelis";1981
"AUSTRALIA Western Australia";"Columba livia";1850
"AUSTRALIA Western Australia";"Dacelo novaeguineae";1896
"AUSTRALIA Western Australia";"Glossopsitta concinna";1975
"AUSTRALIA Western Australia";"Gymnorhina tibicen";1981
"AUSTRALIA Western Australia";"Lonchura castaneothorax";1965
"AUSTRALIA Western Australia";"Neochmia temporalis";1955
"AUSTRALIA Western Australia";"Passer domesticus";1897
"AUSTRALIA Western Australia";"Phasianus colchicus";1928
"AUSTRALIA Western Australia";"Stigmatopelia chinensis";1898
"AUSTRALIA Western Australia";"Stigmatopelia senegalensis";1898
"AUSTRALIA Western Australia";"Sturnus vulgaris";1972
"AUSTRALIA Western Australia";"Trichoglossus haematodus";1965
"AUSTRALIA Western Australia";"Cygnus olor";1897
"AUSTRALIA Western Australia";"Struthio camelus";1925
"AUSTRALIA Western Australia";"Pavo cristatus";1911
"AUSTRIA";"Aix galericulata";1910
"AUSTRIA";"Branta canadensis";1979
"AUSTRIA";"Branta leucopsis";1981
"AUSTRIA";"Cairina moschata";1978
"AUSTRIA";"Columba livia";1996
"AUSTRIA";"Phasianus colchicus";1414
"AUSTRIA";"Psittacula krameri";2004
"AZERBAIJAN";"Columba livia";1996
"AZERBAIJAN";"Phasianus colchicus";1998
"BAHAMAS";"Branta canadensis";2010
"BAHAMAS";"Colinus virginianus";1960
"BAHAMAS";"Columba livia";1981
"BAHAMAS";"Leptotila jamaicensis";1920
"BAHAMAS";"Mimus polyglottos";1900
"BAHAMAS";"Molothrus bonariensis";1993
"BAHAMAS";"Passer domesticus";1856
"BAHAMAS";"Pavo cristatus";1950
"BAHAMAS";"Phasianus colchicus";1960
"BAHAMAS";"Streptopelia decaocto";1973
"BAHAMAS";"Streptopelia roseogrisea";2006
"BAHAMAS";"Sturnus vulgaris";1981
"BAHAMAS";"Tiaris canorus";1960
"BAHAMAS";"Tiaris olivaceus";1966
"BAHRAIN";"Acridotheres tristis";1977
"BAHRAIN";"Alectoris chukar";2002
"BAHRAIN";"Amandava amandava";1981
"BAHRAIN";"Columba livia";1996
"BAHRAIN";"Corvus splendens";1961
"BAHRAIN";"Foudia madagascariensis";1984
"BAHRAIN";"Francolinus pondicerianus";1981
"BAHRAIN";"Lonchura malabarica";1978
"BAHRAIN";"Psittacula eupatria";1989
"BAHRAIN";"Psittacula krameri";1952
"BAHRAIN";"Pycnonotus cafer";1989
"BAHRAIN";"Pycnonotus leucogenys";1996
"BAHRAIN";"Streptopelia decaocto";1965
"BANGLADESH";"Columba livia";1996
"BARBADOS";"Columba livia";2005
"BARBADOS";"Forpus passerinus";1900
"BARBADOS";"Molothrus bonariensis";1916
"BARBADOS";"Numida meleagris";1981
"BARBADOS";"Patagioenas squamosa";1920
"BARBADOS";"Sicalis luteola";1900
"BELARUS";"Columba livia";1996
"BELARUS";"Phasianus colchicus";1998
"BELGIUM";"Aix galericulata";1953
"BELGIUM";"Alopochen aegyptiaca";1700
"BELGIUM";"Branta canadensis";1955
"BELGIUM";"Branta hutchinsii";1955
"BELGIUM";"Branta leucopsis";1983
"BELGIUM";"Chloephaga picta";1980
"BELGIUM";"Columba livia";1996
"BELGIUM";"Cygnus atratus";1889
"BELGIUM";"Myiopsitta monachus";1989
"BELGIUM";"Phasianus colchicus";1750
"BELGIUM";"Psittacula krameri";1966
"BELIZE";"Columba livia";2005
"BELIZE";"Passer domesticus";1977
"BENIN";"Columba livia";2005
"BERMUDA";"Anas platyrhynchos";1955
"BERMUDA";"Cardinalis cardinalis";1700
"BERMUDA";"Carduelis carduelis";1800
"BERMUDA";"Columba livia";1710
"BERMUDA";"Columbina passerina";1700
"BERMUDA";"Corvus brachyrhynchos";1838
"BERMUDA";"Estrilda astrild";1973
"BERMUDA";"Estrilda melpoda";1970
"BERMUDA";"Gallus gallus";2005
"BERMUDA";"Mimus polyglottos";1973
"BERMUDA";"Nyctanassa violacea";2003
"BERMUDA";"Passer domesticus";1870
"BERMUDA";"Passer montanus";2010
"BERMUDA";"Pitangus sulphuratus";1950
"BERMUDA";"Serinus canaria";1929
"BERMUDA";"Sturnus vulgaris";1950
"BERMUDA";"Tyto alba";1931
"BHUTAN";"Columba livia";1996
"BOLIVIA";"Columba livia";2003
"BOLIVIA";"Passer domesticus";1925
"BOSNIA AND HERZEGOVINA";"Columba livia";1996
"BOSNIA AND HERZEGOVINA";"Phasianus colchicus";1998
"BOTSWANA";"Acridotheres tristis";2001
"BOTSWANA";"Agapornis roseicollis";1997
"BOTSWANA";"Passer domesticus";1956
"BRAZIL";"Columba livia";1996
"BRAZIL";"Estrilda astrild";1826
"BRAZIL";"Icterus icterus";1993
"BRAZIL";"Myiopsitta monachus";1969
"BRAZIL";"Numida meleagris";2005
"BRAZIL";"Passer domesticus";1903
"BRAZIL";"Pyrrhura leucotis";1981
"BRITISH INDIAN OCEAN TERRITORY";"Acridotheres tristis";1904
"BRITISH INDIAN OCEAN TERRITORY";"Bubulcus ibis";1953
"BRITISH INDIAN OCEAN TERRITORY";"Foudia madagascariensis";1883
"BRITISH INDIAN OCEAN TERRITORY";"Gallus gallus";2005
"BRITISH INDIAN OCEAN TERRITORY";"Geopelia striata";1959
"BRITISH INDIAN OCEAN TERRITORY";"Nesoenas picturata";1959
"BRITISH INDIAN OCEAN TERRITORY";"Passer domesticus";1904
"BRITISH VIRGIN ISLANDS";"Aratinga pertinax";1800
"BRITISH VIRGIN ISLANDS";"Columba livia";2005
"BRITISH VIRGIN ISLANDS";"Mimus polyglottos";1927
"BRUNEI DARUSSALAM";"Acridotheres tristis";1998
"BRUNEI DARUSSALAM";"Padda oryzivora";1955
"BRUNEI DARUSSALAM";"Passer montanus";1955
"BRUNEI DARUSSALAM";"Pycnonotus jocosus";2005
"BULGARIA";"Branta canadensis";1983
"BULGARIA";"Columba livia";1996
"BULGARIA";"Phasianus colchicus";1998
"BURKINA FASO";"Columba livia";1996
"CAMBODIA";"Columba livia";1996
"CAMEROON";"Columba livia";1996
"CANADA Alberta";"Columba livia";1606
"CANADA Alberta";"Meleagris gallopavo";1963
"CANADA Alberta";"Mimus polyglottos";1994
"CANADA Alberta";"Passer domesticus";1899
"CANADA Alberta";"Perdix perdix";1908
"CANADA Alberta";"Phasianus colchicus";1981
"CANADA Alberta";"Sturnus vulgaris";1890
"CANADA British Columbia";"Mimus polyglottos";1994
"CANADA British Columbia";"Acridotheres cristatellus";1889
"CANADA British Columbia";"Alauda arvensis";1902
"CANADA British Columbia";"Alectoris chukar";1940
"CANADA British Columbia";"Branta canadensis";1931
"CANADA British Columbia";"Callipepla californica";1860
"CANADA British Columbia";"Colinus virginianus";1900
"CANADA British Columbia";"Dendragapus obscurus";1970
"CANADA British Columbia";"Oreortyx pictus";1860
"CANADA British Columbia";"Phasianus versicolor";1972
"CANADA British Columbia";"Columba livia";1606
"CANADA British Columbia";"Cygnus olor";1967
"CANADA British Columbia";"Meleagris gallopavo";1963
"CANADA British Columbia";"Passer domesticus";1886
"CANADA British Columbia";"Perdix perdix";1904
"CANADA British Columbia";"Phasianus colchicus";1881
"CANADA British Columbia";"Sturnus vulgaris";1945
"CANADA Manitoba";"Passer montanus";1998
"CANADA Manitoba";"Columba livia";1950
"CANADA Manitoba";"Meleagris gallopavo";1963
"CANADA Manitoba";"Passer domesticus";1939
"CANADA Manitoba";"Perdix perdix";1906
"CANADA Manitoba";"Phasianus colchicus";1925
"CANADA Manitoba";"Sturnus vulgaris";1931
"CANADA New Brunswick";"Columba livia";1950
"CANADA New Brunswick";"Passer domesticus";1885
"CANADA New Brunswick";"Perdix perdix";1959
"CANADA New Brunswick";"Phasianus colchicus";1981
"CANADA New Brunswick";"Sturnus vulgaris";1924
"CANADA Newfoundland and Labrador";"Bonasa umbellus";1956
"CANADA Newfoundland and Labrador";"Columba livia";1981
"CANADA Newfoundland and Labrador";"Passer domesticus";1939
"CANADA Newfoundland and Labrador";"Phasianus colchicus";1959
"CANADA Newfoundland and Labrador";"Sturnus vulgaris";1917
"CANADA Northwest Territories";"Columba livia";1950
"CANADA Northwest Territories";"Passer domesticus";1939
"CANADA Northwest Territories";"Sturnus vulgaris";1969
"CANADA Nova Scotia";"Columba livia";1606
"CANADA Nova Scotia";"Passer domesticus";1939
"CANADA Nova Scotia";"Perdix perdix";1959
"CANADA Nova Scotia";"Phasianus colchicus";1893
"CANADA Nova Scotia";"Sturnus vulgaris";1915
"CANADA Nunavut";"Passer domesticus";1939
"CANADA Nunavut";"Sturnus vulgaris";1969
"CANADA Ontario";"Carpodacus mexicanus";1992
"CANADA Ontario";"Columba livia";1950
"CANADA Ontario";"Cygnus olor";2004
"CANADA Ontario";"Meleagris gallopavo";1963
"CANADA Ontario";"Passer domesticus";1885
"CANADA Ontario";"Passer montanus";1998
"CANADA Ontario";"Perdix perdix";1959
"CANADA Ontario";"Phasianus colchicus";1891
"CANADA Ontario";"Sturnus vulgaris";1914
"CANADA Prince Edward Island";"Branta canadensis";2005
"CANADA Prince Edward Island";"Columba livia";1950
"CANADA Prince Edward Island";"Passer domesticus";1939
"CANADA Prince Edward Island";"Perdix perdix";1959
"CANADA Prince Edward Island";"Phasianus colchicus";1925
"CANADA Prince Edward Island";"Sturnus vulgaris";1952
"CANADA Quebec";"Carpodacus mexicanus";1992
"CANADA Quebec";"Columba livia";1950
"CANADA Quebec";"Perdix perdix";1959
"CANADA Québec";"Bonasa umbellus";1981
"CANADA Québec";"Myiopsitta monachus";1980
"CANADA Québec";"Passer domesticus";1870
"CANADA Québec";"Phasianus colchicus";1981
"CANADA Québec";"Sturnus vulgaris";1875
"CANADA Saskatchewan";"Columba livia";1950
"CANADA Saskatchewan";"Cygnus olor";1963
"CANADA Saskatchewan";"Meleagris gallopavo";1963
"CANADA Saskatchewan";"Passer domesticus";1899
"CANADA Saskatchewan";"Perdix perdix";1904
"CANADA Saskatchewan";"Phasianus colchicus";1981
"CANADA Saskatchewan";"Sturnus vulgaris";1937
"CANADA Yukon";"Columba livia";1606
"CANADA Yukon";"Passer domesticus";1939
"CANADA Yukon";"Sturnus vulgaris";1963
"CAPE VERDE";"Carduelis carduelis";1964
"CAPE VERDE";"Columba livia";1855
"CAPE VERDE";"Estrilda astrild";1865
"CAPE VERDE";"Numida meleagris";1461
"CAPE VERDE";"Passer domesticus";1922
"CAPE VERDE";"Passer hispaniolensis";1865
"CAYMAN ISLANDS";"Anas platyrhynchos";1983
"CAYMAN ISLANDS";"Columba livia";1986
"CAYMAN ISLANDS";"Gallus gallus";2005
"CAYMAN ISLANDS";"Melopsittacus undulatus";1998
"CAYMAN ISLANDS";"Myiopsitta monachus";1987
"CAYMAN ISLANDS";"Streptopelia decaocto";1998
"CAYMAN ISLANDS";"Sturnus vulgaris";1992
"CHAD";"Columba livia";1996
"CHAD";"Passer domesticus";2001
"CHILE";"Callipepla californica";1870
"CHILE";"Columba livia";1572
"CHILE";"Diuca diuca";1928
"CHILE";"Milvago chimango";1928
"CHILE";"Molothrus bonariensis";1876
"CHILE";"Myiopsitta monachus";1972
"CHILE";"Nothoprocta perdicaria";1885
"CHILE";"Passer domesticus";1904
"CHILE";"Phasianus colchicus";1914
"CHINA";"Branta canadensis";2009
"CHINA";"Columba livia";1996
"CHINA";"Padda oryzivora";1599
"CHINA";"Psittacula alexandri";2000
"CHINA";"Streptopelia decaocto";1982
"CHRISTMAS ISLAND";"Gallus gallus";1893
"CHRISTMAS ISLAND";"Padda oryzivora";1856
"CHRISTMAS ISLAND";"Passer domesticus";1993
"CHRISTMAS ISLAND";"Passer montanus";2003
"COCOS (KEELING) ISLANDS";"Gallus gallus";1950
"COCOS (KEELING) ISLANDS";"Padda oryzivora";1963
"COCOS (KEELING) ISLANDS";"Turdus poliocephalus";1885
"COCOS (KEELING) ISLANDS";"Zosterops natalis";1885
"COLOMBIA";"Anas platyrhynchos";2009
"COLOMBIA";"Columba livia";2009
"COLOMBIA";"Lonchura malacca";2010
"COLOMBIA";"Mimus gilvus";1968
"COLOMBIA";"Passer domesticus";1998
"COMOROS";"Acridotheres tristis";1905
"COMOROS";"Agapornis canus";1949
"COMOROS";"Columba livia";2003
"COMOROS";"Foudia madagascariensis";1864
"COMOROS";"Nesoenas picturata";2003
"COMOROS";"Numida meleagris";1842
"COMOROS";"Padda oryzivora";1982
"COMOROS";"Passer domesticus";1879
"COMOROS";"Streptopelia capicola";2003
"COMOROS";"Turtur tympanistria";2003
"CONGO, THE DEMOCRATIC REPUBLIC OF THE";"Passer domesticus";1975
"COOK ISLANDS";"Acridotheres tristis";1905
"COOK ISLANDS";"Columba livia";1987
"COOK ISLANDS";"Gallus gallus";990
"COOK ISLANDS";"Pomarea dimidiata";2001
"COSTA RICA";"Columba livia";1989
"COSTA RICA";"Icterus pectoralis";1998
"COSTA RICA";"Passer domesticus";1974
"CôTE D'IVOIRE";"Columba livia";1996
"CôTE D'IVOIRE";"Psittacula krameri";1982
"CROATIA";"Colinus virginianus";1960
"CROATIA";"Columba livia";1996
"CROATIA";"Phasianus colchicus";1998
"CUBA";"Branta canadensis";2010
"CUBA";"Carduelis psaltria";1981
"CUBA";"Colinus virginianus";1790
"CUBA";"Columba livia";2005
"CUBA";"Dendrocygna autumnalis";1931
"CUBA";"Gallus gallus";1981
"CUBA";"Lonchura malacca";1989
"CUBA";"Lonchura punctulata";1998
"CUBA";"Numida meleagris";1981
"CUBA";"Passer domesticus";1850
"CUBA";"Phasianus colchicus";1998
"CUBA";"Psittacula krameri";2005
"CUBA";"Streptopelia decaocto";1998
"CUBA";"Sturnus vulgaris";1998
"CYPRUS";"Columba livia";1996
"CYPRUS";"Cygnus olor";2003
"CYPRUS";"Streptopelia decaocto";1998
"CZECH REPUBLIC";"Columba livia";1996
"CZECH REPUBLIC";"Myiopsitta monachus";1988
"CZECH REPUBLIC";"Phasianus colchicus";1050
"CZECH REPUBLIC";"Syrmaticus reevesii";1850
"DENMARK";"Branta canadensis";1930
"DENMARK";"Columba livia";1996
"DENMARK";"Phasianus colchicus";1750
"DJIBOUTI";"Corvus splendens";1957
"DOMINICA";"Aratinga pertinax";2005
"DOMINICA";"Columba livia";2005
"DOMINICA";"Icterus icterus";1986
"DOMINICA";"Streptopelia decaocto";2005
"DOMINICAN REPUBLIC";"Branta canadensis";2010
"DOMINICAN REPUBLIC";"Cathartes aura";1932
"DOMINICAN REPUBLIC";"Colinus virginianus";1890
"DOMINICAN REPUBLIC";"Columba livia";2005
"DOMINICAN REPUBLIC";"Gallus gallus";1998
"DOMINICAN REPUBLIC";"Lonchura punctulata";1978
"DOMINICAN REPUBLIC";"Melopsittacus undulatus";1998
"DOMINICAN REPUBLIC";"Molothrus bonariensis";1972
"DOMINICAN REPUBLIC";"Myiopsitta monachus";1998
"DOMINICAN REPUBLIC";"Numida meleagris";1732
"DOMINICAN REPUBLIC";"Passer domesticus";1998
"DOMINICAN REPUBLIC";"Phasianus colchicus";1955
"DOMINICAN REPUBLIC";"Ploceus cucullatus";1935
"ECUADOR";"Bubulcus ibis";1960
"ECUADOR";"Columba livia";1972
"ECUADOR";"Crotophaga ani";1961
"ECUADOR";"Gallus gallus";1872
"ECUADOR";"Lonchura atricapilla";2010
"ECUADOR";"Passer domesticus";1969
"EGYPT";"Amandava amandava";1861
"EGYPT";"Columba livia";1996
"EGYPT";"Corvus splendens";1890
"EGYPT";"Ploceus manyar";1979
"EGYPT";"Psittacula krameri";1890
"EGYPT";"Streptopelia decaocto";1982
"EL SALVADOR";"Columba livia";2005
"EL SALVADOR";"Passer domesticus";1972
"EQUATORIAL GUINEA";"Lonchura cucullata";1981
"EQUATORIAL GUINEA";"Numida meleagris";2005
"EQUATORIAL GUINEA";"Serinus mozambicus";1968
"ERITREA";"Columba livia";1996
"ERITREA";"Corvus splendens";1950
"ETHIOPIA";"Columba livia";1996
"ETHIOPIA";"Lonchura fringilloides";1971
"FALKLAND ISLANDS (MALVINAS)";"Anas platyrhynchos";1935
"FALKLAND ISLANDS (MALVINAS)";"Passer domesticus";1919
"FAROE ISLANDS";"Branta canadensis";1984
"FAROE ISLANDS";"Cygnus olor";1940
"FIJI ISLAND";"Acridotheres fuscus";1890
"FIJI ISLAND";"Acridotheres tristis";1850
"FIJI ISLAND";"Amandava amandava";1900
"FIJI ISLAND";"Columba livia";1839
"FIJI ISLAND";"Coturnix ypsilophora";1884
"FIJI ISLAND";"Gallus gallus";1978
"FIJI ISLAND";"Gymnorhina tibicen";1883
"FIJI ISLAND";"Neochmia temporalis";2010
"FIJI ISLAND";"Padda oryzivora";1925
"FIJI ISLAND";"Prosopeia splendens";1998
"FIJI ISLAND";"Pycnonotus cafer";1900
"FIJI ISLAND";"Stigmatopelia chinensis";1900
"FIJI ISLAND";"Sturnus vulgaris";1925
"FINLAND";"Anser indicus";1982
"FINLAND";"Branta canadensis";1960
"FINLAND";"Branta hutchinsii";1965
"FINLAND";"Branta leucopsis";1980
"FINLAND";"Columba livia";1557
"FINLAND";"Cygnus olor";1931
"FINLAND";"Phasianus colchicus";1900
"FRANCE";"Aix galericulata";1650
"FRANCE";"Alectoris chukar";2005
"FRANCE";"Branta canadensis";1955
"FRANCE";"Branta hutchinsii";1955
"FRANCE";"Callipepla californica";1961
"FRANCE";"Colinus virginianus";1816
"FRANCE";"Columba livia";1996
"FRANCE";"Cygnus olor";1690
"FRANCE";"Foudia madagascariensis";2005
"FRANCE";"Geopelia striata";1969
"FRANCE";"Leiothrix lutea";2004
"FRANCE";"Lonchura malabarica";1988
"FRANCE";"Numida meleagris";1998
"FRANCE";"Oxyura jamaicensis";1986
"FRANCE";"Passer domesticus";1999
"FRANCE";"Phasianus colchicus";1530
"FRANCE";"Phasianus versicolor";1850
"FRANCE";"Psittacula krameri";1989
"FRANCE";"Quiscalus lugubris";1911
"FRANCE";"Syrmaticus reevesii";1972
"FRANCE";"Threskiornis aethiopicus";1975
"FRANCE";"Turnix nigricollis";1975
"FRENCH GUIANA";"Passer domesticus";1994
"FRENCH POLYNESIA";"Acridotheres tristis";1910
"FRENCH POLYNESIA";"Anas platyrhynchos";1981
"FRENCH POLYNESIA";"Bubo virginianus";1927
"FRENCH POLYNESIA";"Circus aeruginosus";1883
"FRENCH POLYNESIA";"Circus approximans";1885
"FRENCH POLYNESIA";"Columba livia";1950
"FRENCH POLYNESIA";"Estrilda astrild";1908
"FRENCH POLYNESIA";"Estrilda troglodytes";1982
"FRENCH POLYNESIA";"Geopelia striata";1950
"FRENCH POLYNESIA";"Lonchura castaneothorax";1850
"FRENCH POLYNESIA";"Lonchura punctulata";2010
"FRENCH POLYNESIA";"Mimus polyglottos";1992
"FRENCH POLYNESIA";"Neochmia temporalis";1850
"FRENCH POLYNESIA";"Pycnonotus cafer";1970
"FRENCH POLYNESIA";"Ramphocelus dimidiatus";1930
"FRENCH POLYNESIA";"Vini ultramarina";1940
"FRENCH POLYNESIA";"Zosterops japonicus";1938
"FRENCH POLYNESIA";"Zosterops lateralis";1935
"FRENCH SOUTHERN TERRITORIES";"Anas acuta";1981
"FRENCH SOUTHERN TERRITORIES";"Anas platyrhynchos";1988
"FRENCH SOUTHERN TERRITORIES";"Estrilda astrild";1980
"FRENCH SOUTHERN TERRITORIES";"Estrilda perreini";1977
"FRENCH SOUTHERN TERRITORIES";"Geopelia striata";2005
"GAMBIA";"Columba livia";1996
"GAMBIA";"Passer domesticus";1990
"GEORGIA";"Columba livia";1996
"GEORGIA";"Phasianus colchicus";1998
"GERMANY";"Aix galericulata";1900
"GERMANY";"Alopochen aegyptiaca";1955
"GERMANY";"Anser cygnoides";1975
"GERMANY";"Anser indicus";1968
"GERMANY";"Branta canadensis";1910
"GERMANY";"Branta hutchinsii";1955
"GERMANY";"Branta leucopsis";1975
"GERMANY";"Columba livia";1996
"GERMANY";"Cygnus atratus";1963
"GERMANY";"Cygnus olor";1850
"GERMANY";"Meleagris gallopavo";1530
"GERMANY";"Myiopsitta monachus";1892
"GERMANY";"Phasianus colchicus";1050
"GERMANY";"Phoenicopterus chilensis";1985
"GERMANY";"Phoenicopterus ruber";1985
"GERMANY";"Psittacula krameri";1965
"GERMANY";"Tadorna ferruginea";1955
"GHANA";"Columba livia";2005
"GIBRALTAR";"Alectoris barbara";1771
"GIBRALTAR";"Columba livia";1996
"GIBRALTAR";"Estrilda astrild";2003
"GIBRALTAR";"Estrilda troglodytes";1982
"GIBRALTAR";"Euplectes orix";2003
"GIBRALTAR";"Phasianus colchicus";1998
"GREECE";"Alectoris rufa";1979
"GREECE";"Columba livia";1996
"GREECE";"Cygnus olor";1967
"GREECE";"Phasianus colchicus";1998
"GREECE";"Psittacula krameri";2003
"GRENADA";"Columba livia";2005
"GRENADA";"Sicalis luteola";1988
"GUADELOUPE";"Amandava amandava";1965
"GUADELOUPE";"Aratinga pertinax";1998
"GUADELOUPE";"Columba livia";2005
"GUADELOUPE";"Estrilda melpoda";1998
"GUADELOUPE";"Estrilda troglodytes";1968
"GUADELOUPE";"Euplectes franciscanus";1998
"GUADELOUPE";"Lonchura punctulata";1984
"GUADELOUPE";"Melopsittacus undulatus";1998
"GUADELOUPE";"Molothrus bonariensis";1959
"GUADELOUPE";"Myiopsitta monachus";1998
"GUADELOUPE";"Passer domesticus";1999
"GUADELOUPE";"Sicalis luteola";1920
"GUADELOUPE";"Streptopelia decaocto";1975
"GUAM";"Columba livia";1987
"GUAM";"Coturnix chinensis";1894
"GUAM";"Francolinus francolinus";1961
"GUAM";"Gallus gallus";2005
"GUAM";"Lonchura atricapilla";2000
"GUAM";"Lonchura malacca";1979
"GUAM";"Passer montanus";1940
"GUAM";"Streptopelia bitorquata";1771
"GUATEMALA";"Columba livia";2005
"GUATEMALA";"Passer domesticus";1970
"GUINEA";"Columba livia";1996
"GUINEA-BISSAU";"Columba livia";1996
"HAITI";"Branta canadensis";2010
"HAITI";"Cathartes aura";1932
"HAITI";"Colinus virginianus";1700
"HAITI";"Columba livia";2005
"HAITI";"Molothrus bonariensis";1996
"HAITI";"Numida meleagris";1732
"HAITI";"Passer domesticus";1998
"HAITI";"Ploceus cucullatus";1512
"HONDURAS";"Columba livia";2005
"HONDURAS";"Passer domesticus";1977
"HONGKONG";"Acridotheres tristis";1952
"HONGKONG";"Alcippe morrisonia";1999
"HONGKONG";"Babax lanceolatus";1959
"HONGKONG";"Cacatua sulphurea";1960
"HONGKONG";"Chalcophaps indica";1981
"HONGKONG";"Columba livia";1952
"HONGKONG";"Corvus splendens";1974
"HONGKONG";"Garrulax chinensis";1913
"HONGKONG";"Garrulax pectoralis";1969
"HONGKONG";"Garrulax sannio";1941
"HONGKONG";"Leiothrix argentauris";1970
"HONGKONG";"Leiothrix lutea";1913
"HONGKONG";"Lonchura atricapilla";2010
"HONGKONG";"Lonchura malacca";1996
"HONGKONG";"Melopsittacus undulatus";2006
"HONGKONG";"Minla cyanouroptera";1913
"HONGKONG";"Padda oryzivora";1861
"HONGKONG";"Paradoxornis webbianus";1971
"HONGKONG";"Parus spilonotus";1988
"HONGKONG";"Passer montanus";1878
"HONGKONG";"Ploceus philippinus";1993
"HONGKONG";"Pomatorhinus ruficollis";1949
"HONGKONG";"Psittacula krameri";1902
"HONGKONG";"Pycnonotus jocosus";1861
"HONGKONG";"Sitta frontalis";1985
"HONGKONG";"Stachyris ruficeps";1958
"HONGKONG";"Trichoglossus haematodus";2006
"HUNGARY";"Columba livia";1996
"HUNGARY";"Phasianus colchicus";1500
"INDIA";"Acridotheres fuscus";1981
"INDIA";"Acridotheres tristis";1858
"INDIA";"Columba livia";1898
"INDIA";"Corvus splendens";1860
"INDIA";"Francolinus francolinus";1954
"INDIA";"Francolinus pondicerianus";1890
"INDIA";"Gallus gallus";1601
"INDIA";"Padda oryzivora";1909
"INDIA";"Passer domesticus";1882
"INDIA";"Passer montanus";1973
"INDIA";"Pavo cristatus";1868
"INDIA";"Psittacula eupatria";2008
"INDIA";"Psittacula krameri";2005
"INDIA";"Pycnonotus jocosus";1964
"INDIA";"Sturnus contra";2009
"INDIA";"Sturnus erythropygius";1998
"INDONESIA";"Acridotheres cinereus";1987
"INDONESIA";"Acridotheres javanicus";1998
"INDONESIA";"Acridotheres tristis";1988
"INDONESIA";"Amandava amandava";1947
"INDONESIA";"Cacatua alba";1998
"INDONESIA";"Cacatua galerita";1979
"INDONESIA";"Casuarius casuarius";1992
"INDONESIA";"Columba livia";1986
"INDONESIA";"Eclectus roratus";1980
"INDONESIA";"Eos reticulata";1998
"INDONESIA";"Gallus gallus";1997
"INDONESIA";"Geopelia striata";1935
"INDONESIA";"Goura cristata";2001
"INDONESIA";"Lonchura atricapilla";1980
"INDONESIA";"Lonchura malacca";1961
"INDONESIA";"Macrocephalon maleo";1997
"INDONESIA";"Padda oryzivora";1840
"INDONESIA";"Passer montanus";1935
"INDONESIA";"Psittacula alexandri";1945
"INDONESIA";"Pycnonotus aurigaster";1930
"INDONESIA";"Pycnonotus goiavier";1977
"INDONESIA";"Stigmatopelia chinensis";1835
"INDONESIA";"Streptopelia tranquebarica";2001
"INDONESIA";"Tanygnathus lucionensis";1977
"IRAN, ISLAMIC REPUBLIC OF";"Columba livia";1996
"IRAN, ISLAMIC REPUBLIC OF";"Corvus splendens";1994
"IRAN, ISLAMIC REPUBLIC OF";"Psittacula krameri";1973
"IRAQ";"Columba livia";1996
"IRELAND";"Branta canadensis";1955
"IRELAND";"Branta hutchinsii";1955
"IRELAND";"Columba livia";1350
"IRELAND";"Phasianus colchicus";1600
"ISRAEL";"Acridotheres tristis";1987
"ISRAEL";"Amandava amandava";1982
"ISRAEL";"Cairina moschata";1985
"ISRAEL";"Columba livia";1996
"ISRAEL";"Corvus splendens";1975
"ISRAEL";"Myiopsitta monachus";2002
"ISRAEL";"Nandayus nenday";1975
"ISRAEL";"Oena capensis";2007
"ISRAEL";"Psittacula eupatria";2008
"ISRAEL";"Psittacula krameri";1960
"ISRAEL";"Stigmatopelia senegalensis";1850
"ITALY";"Alectoris barbara";2003
"ITALY";"Alectoris chukar";1930
"ITALY";"Amandava amandava";1975
"ITALY";"Anser indicus";1969
"ITALY";"Branta canadensis";1968
"ITALY";"Callipepla californica";2005
"ITALY";"Colinus virginianus";1927
"ITALY";"Columba livia";1996
"ITALY";"Cygnus atratus";1979
"ITALY";"Cygnus olor";1967
"ITALY";"Francolinus erckelii";1948
"ITALY";"Francolinus francolinus";2002
"ITALY";"Myiopsitta monachus";1969
"ITALY";"Oxyura jamaicensis";1988
"ITALY";"Paradoxornis alphonsianus";1995
"ITALY";"Passer montanus";1890
"ITALY";"Phasianus colchicus";1750
"ITALY";"Pica pica";2003
"ITALY";"Porphyrio porphyrio";1976
"ITALY";"Psittacula krameri";1975
"ITALY";"Streptopelia roseogrisea";2003
"ITALY";"Threskiornis aethiopicus";1975
"JAMAICA";"Branta canadensis";2010
"JAMAICA";"Columba livia";2005
"JAMAICA";"Euplectes afer";1989
"JAMAICA";"Euplectes franciscanus";1998
"JAMAICA";"Forpus passerinus";1918
"JAMAICA";"Lonchura atricapilla";2000
"JAMAICA";"Lonchura malacca";1988
"JAMAICA";"Lonchura punctulata";1998
"JAMAICA";"Melopsittacus undulatus";1998
"JAMAICA";"Molothrus bonariensis";2003
"JAMAICA";"Padda oryzivora";1903
"JAMAICA";"Passer domesticus";1903
"JAMAICA";"Sicalis flaveola";1820
"JAMAICA";"Sturnus vulgaris";1903
"JAPAN";"Acridotheres cristatellus";1978
"JAPAN";"Acridotheres tristis";1999
"JAPAN";"Amandava amandava";1935
"JAPAN";"Bambusicola thoracicus";1915
"JAPAN";"Columba livia";1350
"JAPAN";"Cygnus atratus";1955
"JAPAN";"Cygnus olor";1977
"JAPAN";"Estrilda melpoda";2000
"JAPAN";"Estrilda troglodytes";2000
"JAPAN";"Garrulax canorus";1981
"JAPAN";"Garrulax cineraceus";2006
"JAPAN";"Garrulax perspicillatus";2005
"JAPAN";"Garrulax sannio";1994
"JAPAN";"Leiothrix lutea";1980
"JAPAN";"Lonchura atricapilla";1909
"JAPAN";"Lonchura maja";2010
"JAPAN";"Lonchura malacca";1870
"JAPAN";"Lonchura punctulata";1970
"JAPAN";"Lonchura striata";1985
"JAPAN";"Melopsittacus undulatus";2004
"JAPAN";"Padda oryzivora";1650
"JAPAN";"Paroaria coronata";2000
"JAPAN";"Pavo cristatus";2009
"JAPAN";"Phasianus colchicus";1919
"JAPAN";"Pica pica";1590
"JAPAN";"Psittacula krameri";1981
"JAPAN";"Streptopelia decaocto";1800
"JAPAN";"Sturnus contra";2000
"JAPAN";"Syrmaticus reevesii";1959
"JAPAN";"Vidua paradisaea";2000
"JAPAN";"Zosterops japonicus";2009
"JORDAN";"Columba livia";1996
"JORDAN";"Corvus splendens";1993
"JORDAN";"Oena capensis";2007
"JORDAN";"Psittacula eupatria";2008
"KAZAKHSTAN";"Acridotheres tristis";1998
"KAZAKHSTAN";"Columba livia";1996
"KAZAKHSTAN";"Stigmatopelia senegalensis";1960
"KAZAKHSTAN";"Tetrao urogallus";1912
"KENYA";"Agapornis canus";1989
"KENYA";"Agapornis fischeri";1959
"KENYA";"Agapornis personatus";1959
"KENYA";"Columba livia";1982
"KENYA";"Corvus splendens";1890
"KENYA";"Passer domesticus";1950
"KENYA";"Psittacula krameri";1969
"KIRIBATI";"Acridotheres tristis";2005
"KIRIBATI";"Columba livia";1987
"KIRIBATI";"Gallicolumba stairi";1940
"KIRIBATI";"Vini kuhlii";1797
"KOREA, DEMOCRATIC PEOPLE'S REPUBLIC OF";"Columba livia";1996
"KOREA, REPUBLIC OF";"Columba livia";1996
"KUWAIT";"Acridotheres tristis";1981
"KUWAIT";"Columba livia";1996
"KUWAIT";"Corvus splendens";1972
"KUWAIT";"Psittacula krameri";1973
"KUWAIT";"Pycnonotus cafer";1983
"KYRGYZSTAN";"Columba livia";1996
"LAO PEOPLE'S DEMOCRATIC REPUBLIC";"Columba livia";1996
"LAO PEOPLE'S DEMOCRATIC REPUBLIC";"Geopelia striata";2005
"LATVIA";"Cygnus olor";1935
"LATVIA";"Phasianus colchicus";1998
"LEBANON";"Columba livia";1996
"LESOTHO";"Acridotheres tristis";1888
"LESOTHO";"Columba livia";1996
"LESOTHO";"Passer domesticus";1885
"LIBERIA";"Columba livia";1996
"LIBERIA";"Passer domesticus";1988
"LIBYAN ARAB JAMAHIRIYA";"Columba livia";1996
"LIECHTENSTEIN";"Columba livia";1996
"LITHUANIA";"Phasianus colchicus";1998
"LUXEMBOURG";"Columba livia";1996
"LUXEMBOURG";"Phasianus colchicus";1998
"MACAO";"Psittacula krameri";1902
"MACEDONIA, THE FORMER YUGOSLAV REPUBLIC OF";"Columba livia";1996
"MACEDONIA, THE FORMER YUGOSLAV REPUBLIC OF";"Phasianus colchicus";1998
"MADAGASCAR";"Acridotheres tristis";1758
"MADAGASCAR";"Anas platyrhynchos";1895
"MADAGASCAR";"Cairina moschata";1895
"MADAGASCAR";"Columba livia";1818
"MADAGASCAR";"Geopelia striata";1935
"MADAGASCAR";"Numida meleagris";2012
"MADAGASCAR";"Passer domesticus";1983
"MALAWI";"Passer domesticus";1967
"MALAYSIA";"Acridotheres cinereus";1978
"MALAYSIA";"Acridotheres cristatellus";1919
"MALAYSIA";"Acridotheres grandis";1982
"MALAYSIA";"Acridotheres javanicus";1969
"MALAYSIA";"Acridotheres tristis";1919
"MALAYSIA";"Amandava amandava";1969
"MALAYSIA";"Columba livia";1993
"MALAYSIA";"Corvus splendens";1890
"MALAYSIA";"Gallus gallus";1290
"MALAYSIA";"Geopelia striata";1965
"MALAYSIA";"Lonchura punctulata";1974
"MALAYSIA";"Padda oryzivora";1859
"MALAYSIA";"Passer montanus";1964
"MALAYSIA";"Psittacula alexandri";1945
"MALAYSIA";"Pycnonotus jocosus";2005
"MALAYSIA";"Tanygnathus lucionensis";1961
"MALAYSIA";"Tyto alba";1869
"MALDIVES";"Acridotheres tristis";1995
"MALDIVES";"Passer domesticus";1984
"MALDIVES";"Psittacula krameri";2005
"MALI";"Columba livia";1996
"MALTA";"Passer montanus";1950
"MALTA";"Psittacula krameri";1997
"MALTA";"Stigmatopelia senegalensis";1967
"MARSHALL ISLANDS";"Passer domesticus";1988
"MARSHALL ISLANDS";"Passer montanus";1945
"MARSHALL ISLANDS";"Pycnonotus cafer";2000
"MARTINIQUE";"Amandava amandava";1970
"MARTINIQUE";"Aratinga pertinax";1998
"MARTINIQUE";"Columba livia";2005
"MARTINIQUE";"Estrilda melpoda";1998
"MARTINIQUE";"Estrilda troglodytes";1998
"MARTINIQUE";"Euplectes franciscanus";1981
"MARTINIQUE";"Lonchura atricapilla";2010
"MARTINIQUE";"Lonchura malacca";1979
"MARTINIQUE";"Lonchura punctulata";1995
"MARTINIQUE";"Molothrus bonariensis";2003
"MARTINIQUE";"Oryzoborus angolensis";1983
"MARTINIQUE";"Ploceus cucullatus";1962
"MARTINIQUE";"Sicalis luteola";1920
"MARTINIQUE";"Streptopelia decaocto";1976
"MAURITANIA";"Columba livia";1996
"MAURITANIA";"Passer domesticus";1961
"MAURITIUS";"Acridotheres tristis";1760
"MAURITIUS";"Agapornis canus";1960
"MAURITIUS";"Alopochen aegyptiaca";1990
"MAURITIUS";"Anas melleri";1850
"MAURITIUS";"Anas platyrhynchos";1930
"MAURITIUS";"Columba livia";1715
"MAURITIUS";"Corvus splendens";1610
"MAURITIUS";"Coturnix coturnix";1864
"MAURITIUS";"Cygnus atratus";1983
"MAURITIUS";"Dendrocygna viduata";1810
"MAURITIUS";"Estrilda astrild";1750
"MAURITIUS";"Foudia madagascariensis";1750
"MAURITIUS";"Foudia rubra";1773
"MAURITIUS";"Francolinus pintadeanus";1750
"MAURITIUS";"Francolinus pondicerianus";1739
"MAURITIUS";"Geopelia striata";1750
"MAURITIUS";"Lonchura punctulata";1750
"MAURITIUS";"Nesoenas picturata";1750
"MAURITIUS";"Numida meleagris";1720
"MAURITIUS";"Padda oryzivora";1982
"MAURITIUS";"Paroaria dominicana";1900
"MAURITIUS";"Passer domesticus";1851
"MAURITIUS";"Ploceus cucullatus";1886
"MAURITIUS";"Psittacula krameri";1886
"MAURITIUS";"Pycnonotus jocosus";1880
"MAURITIUS";"Serinus mozambicus";1750
"MAURITIUS";"Stigmatopelia chinensis";1769
"MAURITIUS";"Stigmatopelia senegalensis";1987
"MAYOTTE";"Acridotheres tristis";2003
"MAYOTTE";"Agapornis canus";2003
"MAYOTTE";"Columba livia";2003
"MAYOTTE";"Foudia madagascariensis";2003
"MAYOTTE";"Nesoenas picturata";2003
"MAYOTTE";"Numida meleagris";2003
"MAYOTTE";"Passer domesticus";2004
"MAYOTTE";"Streptopelia capicola";2003
"MAYOTTE";"Turtur tympanistria";2003
"MEXICO";"Alectoris chukar";2005
"MEXICO";"Amazona albifrons";2007
"MEXICO";"Amazona autumnalis";2007
"MEXICO";"Amazona oratrix";1998
"MEXICO";"Amazona viridigenalis";2007
"MEXICO";"Aratinga canicularis";2007
"MEXICO";"Callipepla douglasii";2007
"MEXICO";"Carpodacus mexicanus";2007
"MEXICO";"Columba livia";1996
"MEXICO";"Cyanocorax dickeyi";900
"MEXICO";"Melopsittacus undulatus";2007
"MEXICO";"Passer domesticus";1910
"MEXICO";"Phalacrocorax bougainvillii";2007
"MEXICO";"Phasianus colchicus";1957
"MEXICO";"Pterocles exustus";2007
"MEXICO";"Stigmatopelia chinensis";1917
"MEXICO";"Sturnus vulgaris";1935
"MEXICO";"Turdus rufopalliatus";1950
"MICRONESIA, FEDERATED STATES OF";"Columba livia";1987
"MICRONESIA, FEDERATED STATES OF";"Gallus gallus";1987
"MICRONESIA, FEDERATED STATES OF";"Lonchura hunsteini";1920
"MICRONESIA, FEDERATED STATES OF";"Lonchura punctulata";1979
"MICRONESIA, FEDERATED STATES OF";"Padda oryzivora";2010
"MICRONESIA, FEDERATED STATES OF";"Passer montanus";1978
"MOLDOVA, REPUBLIC OF";"Columba livia";1996
"MOLDOVA, REPUBLIC OF";"Phasianus colchicus";1998
"MONACO";"Columba livia";1996
"MONACO";"Phasianus colchicus";1998
"MONGOLIA";"Columba livia";1996
"MONTENEGRO";"Columba livia";1996
"MONTENEGRO";"Phasianus colchicus";1998
"MONTSERRAT";"Columba livia";2005
"MONTSERRAT";"Gallus gallus";2005
"MONTSERRAT";"Streptopelia decaocto";1998
"MOROCCO";"Columba livia";1996
"MOROCCO";"Oxyura jamaicensis";1992
"MOROCCO";"Phasianus colchicus";1997
"MOZAMBIQUE";"Acridotheres tristis";2009
"MOZAMBIQUE";"Columba livia";2005
"MOZAMBIQUE";"Corvus splendens";1961
"MOZAMBIQUE";"Passer domesticus";1955
"MYANMAR";"Columba livia";1996
"MYANMAR";"Padda oryzivora";1889
"NAMIBIA";"Columba livia";1985
"NAMIBIA";"Passer domesticus";1957
"NAMIBIA";"Sturnus vulgaris";1970
"NAURU";"Taeniopygia guttata";1962
"NEPAL";"Columba livia";1996
"NETHERLANDS";"Aix galericulata";1963
"NETHERLANDS";"Alopochen aegyptiaca";1700
"NETHERLANDS";"Anser cygnoides";1987
"NETHERLANDS";"Branta canadensis";1949
"NETHERLANDS";"Branta hutchinsii";1951
"NETHERLANDS";"Branta leucopsis";1987
"NETHERLANDS";"Columba livia";1996
"NETHERLANDS";"Corvus splendens";1994
"NETHERLANDS";"Cygnus atratus";1978
"NETHERLANDS";"Cygnus olor";1947
"NETHERLANDS";"Oxyura jamaicensis";1973
"NETHERLANDS";"Phasianus colchicus";1998
"NETHERLANDS";"Phoenicopterus chilensis";1991
"NETHERLANDS";"Psittacula krameri";1967
"NETHERLANDS ANTILLES";"Amazona ochrocephala";2003
"NETHERLANDS ANTILLES";"Aratinga pertinax";1998
"NETHERLANDS ANTILLES";"Columba livia";2005
"NETHERLANDS ANTILLES";"Icterus icterus";1973
"NETHERLANDS ANTILLES";"Numida meleagris";2005
"NETHERLANDS ANTILLES";"Passer domesticus";1952
"NETHERLANDS ANTILLES";"Psittacula krameri";1985
"NETHERLANDS ANTILLES";"Quiscalus lugubris";1911
"NETHERLANDS ANTILLES";"Streptopelia decaocto";2003
"NETHERLANDS ANTILLES";"Sturnus vulgaris";2006
"NEW CALEDONIA";"Acridotheres tristis";1966
"NEW CALEDONIA";"Corvus moneduloides";1981
"NEW CALEDONIA";"Estrilda astrild";1945
"NEW CALEDONIA";"Lonchura castaneothorax";1966
"NEW CALEDONIA";"Passer domesticus";1899
"NEW CALEDONIA";"Pycnonotus cafer";1982
"NEW CALEDONIA";"Stigmatopelia chinensis";1939
"NEW ZEALAND";"Acridotheres tristis";1862
"NEW ZEALAND";"Alauda arvensis";1863
"NEW ZEALAND";"Alectoris chukar";1920
"NEW ZEALAND";"Alectoris graeca";1906
"NEW ZEALAND";"Alectoris rufa";1867
"NEW ZEALAND";"Anas platyrhynchos";1867
"NEW ZEALAND";"Anser anser";2007
"NEW ZEALAND";"Apteryx australis";1981
"NEW ZEALAND";"Apteryx haastii";1992
"NEW ZEALAND";"Apteryx owenii";1981
"NEW ZEALAND";"Athene noctua";1906
"NEW ZEALAND";"Bowdleria punctata";1997
"NEW ZEALAND";"Branta canadensis";1876
"NEW ZEALAND";"Cacatua galerita";1900
"NEW ZEALAND";"Cacatua roseicapilla";1997
"NEW ZEALAND";"Callipepla californica";1860
"NEW ZEALAND";"Carduelis carduelis";1862
"NEW ZEALAND";"Carduelis chloris";1862
"NEW ZEALAND";"Carduelis flammea";1862
"NEW ZEALAND";"Cereopsis novaehollandiae";1906
"NEW ZEALAND";"Colinus virginianus";1898
"NEW ZEALAND";"Columba livia";1855
"NEW ZEALAND";"Corvus frugilegus";1862
"NEW ZEALAND";"Corvus splendens";1969
"NEW ZEALAND";"Coturnix ypsilophora";1860
"NEW ZEALAND";"Cyanoramphus novaezelandiae";1974
"NEW ZEALAND";"Cygnus atratus";1750
"NEW ZEALAND";"Cygnus olor";1866
"NEW ZEALAND";"Dacelo novaeguineae";1860
"NEW ZEALAND";"Emberiza cirlus";1869
"NEW ZEALAND";"Emberiza citrinella";1862
"NEW ZEALAND";"Fringilla coelebs";1850
"NEW ZEALAND";"Gallirallus australis";1863
"NEW ZEALAND";"Gymnorhina tibicen";1861
"NEW ZEALAND";"Meleagris gallopavo";1890
"NEW ZEALAND";"Numida meleagris";1850
"NEW ZEALAND";"Passer domesticus";1859
"NEW ZEALAND";"Pavo cristatus";1840
"NEW ZEALAND";"Petroica australis";1991
"NEW ZEALAND";"Phasianus colchicus";1842
"NEW ZEALAND";"Philesturnus carunculatus";1984
"NEW ZEALAND";"Platycercus elegans";1910
"NEW ZEALAND";"Platycercus eximius";1910
"NEW ZEALAND";"Porphyrio mantelli";1968
"NEW ZEALAND";"Prunella modularis";1867
"NEW ZEALAND";"Pycnonotus cafer";1952
"NEW ZEALAND";"Stigmatopelia chinensis";1910
"NEW ZEALAND";"Streptopelia decaocto";1981
"NEW ZEALAND";"Streptopelia risoria";1862
"NEW ZEALAND";"Streptopelia roseogrisea";2007
"NEW ZEALAND";"Strigops habroptila";1997
"NEW ZEALAND";"Sturnus vulgaris";1862
"NEW ZEALAND";"Taeniopygia guttata";1864
"NEW ZEALAND";"Tetrao tetrix";1906
"NEW ZEALAND";"Turdus merula";1850
"NEW ZEALAND";"Turdus philomelos";1850
"NICARAGUA";"Columba livia";1989
"NICARAGUA";"Passer domesticus";1977
"NIGER";"Columba livia";1996
"NIGER";"Passer domesticus";2001
"NIGERIA";"Columba livia";1996
"NORFOLK ISLAND";"Anas platyrhynchos";1996
"NORFOLK ISLAND";"Callipepla californica";1895
"NORFOLK ISLAND";"Carduelis carduelis";1963
"NORFOLK ISLAND";"Carduelis chloris";1935
"NORFOLK ISLAND";"Columba livia";1838
"NORFOLK ISLAND";"Fringilla coelebs";2003
"NORFOLK ISLAND";"Passer domesticus";1939
"NORFOLK ISLAND";"Platycercus elegans";1850
"NORFOLK ISLAND";"Sturnus vulgaris";1913
"NORFOLK ISLAND";"Turdus merula";1920
"NORFOLK ISLAND";"Turdus philomelos";1913
"NORTHERN MARIANA ISLANDS";"Columba livia";1987
"NORTHERN MARIANA ISLANDS";"Dicrurus macrocercus";1935
"NORTHERN MARIANA ISLANDS";"Estrilda melpoda";2008
"NORTHERN MARIANA ISLANDS";"Gallirallus owstoni";1996
"NORTHERN MARIANA ISLANDS";"Gallus gallus";1987
"NORTHERN MARIANA ISLANDS";"Passer montanus";1940
"NORTHERN MARIANA ISLANDS";"Streptopelia bitorquata";1750
"NORWAY";"Branta canadensis";1930
"NORWAY";"Branta hutchinsii";1935
"NORWAY";"Branta leucopsis";1945
"NORWAY";"Columba livia";1996
"NORWAY";"Phasianus colchicus";1750
"OMAN";"Acridotheres tristis";1996
"OMAN";"Alectoris chukar";2002
"OMAN";"Columba livia";1996
"OMAN";"Corvus splendens";1924
"OMAN";"Francolinus pintadeanus";1954
"OMAN";"Francolinus pondicerianus";2005
"OMAN";"Psittacula krameri";1953
"PAKISTAN";"Amandava formosa";1981
"PAKISTAN";"Columba livia";1996
"PALAU";"Cacatua galerita";1950
"PALAU";"Eclectus roratus";1919
"PALAU";"Gallus gallus";1987
"PALAU";"Lonchura atricapilla";2000
"PALAU";"Lonchura ferruginosa";1996
"PALAU";"Lonchura malacca";1951
"PALAU";"Lonchura punctulata";1945
"PALAU";"Passer montanus";2000
"PALESTINIAN TERRITORY, OCCUPIED";"Columba livia";1996
"PALESTINIAN TERRITORY, OCCUPIED";"Oena capensis";2007
"PALESTINIAN TERRITORY, OCCUPIED";"Psittacula eupatria";2008
"PANAMA";"Columba livia";1989
"PANAMA";"Mimus gilvus";1932
"PANAMA";"Passer domesticus";1976
"PANAMA";"Sicalis flaveola";1951
"PAPUA NEW GUINEA";"Acridotheres tristis";2001
"PAPUA NEW GUINEA";"Columba livia";1986
"PAPUA NEW GUINEA";"Stigmatopelia chinensis";1944
"PARAGUAY";"Passer domesticus";1920
"PERU";"Brotogeris versicolurus";1981
"PERU";"Columba livia";1996
"PERU";"Passer domesticus";1940
"PERU";"Thraupis episcopus";1999
"PHILIPPINES";"Acridotheres cristatellus";1850
"PHILIPPINES";"Amandava amandava";1946
"PHILIPPINES";"Columba livia";2009
"PHILIPPINES";"Francolinus pintadeanus";1934
"PHILIPPINES";"Gallus gallus";1520
"PHILIPPINES";"Geopelia striata";1981
"PHILIPPINES";"Lonchura punctulata";2006
"PHILIPPINES";"Padda oryzivora";1932
"PHILIPPINES";"Passer montanus";1850
"PHILIPPINES";"Perdix dauurica";1981
"PHILIPPINES";"Polyplectron napoleonis";2006
"PHILIPPINES";"Psittacula krameri";2006
"PHILIPPINES";"Stigmatopelia chinensis";2006
"POLAND";"Branta canadensis";2004
"POLAND";"Columba livia";1996
"POLAND";"Phasianus colchicus";1998
"PORTUGAL";"Alectoris rufa";1450
"PORTUGAL";"Amandava amandava";1974
"PORTUGAL";"Carduelis carduelis";1880
"PORTUGAL";"Carduelis chloris";1890
"PORTUGAL";"Columba livia";1996
"PORTUGAL";"Estrilda astrild";1963
"PORTUGAL";"Estrilda troglodytes";1981
"PORTUGAL";"Euplectes afer";1991
"PORTUGAL";"Francolinus francolinus";1994
"PORTUGAL";"Passer domesticus";1960
"PORTUGAL";"Passer hispaniolensis";1981
"PORTUGAL";"Phasianus colchicus";2003
"PORTUGAL";"Psittacula krameri";2003
"PORTUGAL";"Serinus canaria";2003
"PUERTO RICO";"Acridotheres grandis";1998
"PUERTO RICO";"Acridotheres javanicus";1998
"PUERTO RICO";"Amandava amandava";1960
"PUERTO RICO";"Amazona amazonica";1960
"PUERTO RICO";"Amazona ochrocephala";2010
"PUERTO RICO";"Amazona oratrix";1971
"PUERTO RICO";"Amazona ventralis";1980
"PUERTO RICO";"Amazona viridigenalis";1960
"PUERTO RICO";"Ara ararauna";1985
"PUERTO RICO";"Aratinga canicularis";1965
"PUERTO RICO";"Branta canadensis";2010
"PUERTO RICO";"Brotogeris versicolurus";1950
"PUERTO RICO";"Carduelis cucullata";1935
"PUERTO RICO";"Cathartes aura";1880
"PUERTO RICO";"Colinus virginianus";1860
"PUERTO RICO";"Columba livia";1981
"PUERTO RICO";"Estrilda astrild";1960
"PUERTO RICO";"Estrilda melpoda";1830
"PUERTO RICO";"Estrilda troglodytes";1960
"PUERTO RICO";"Euplectes afer";1965
"PUERTO RICO";"Euplectes aureus";1960
"PUERTO RICO";"Euplectes franciscanus";1960
"PUERTO RICO";"Euplectes orix";1971
"PUERTO RICO";"Gallus gallus";1998
"PUERTO RICO";"Gracula religiosa";1960
"PUERTO RICO";"Icterus icterus";1877
"PUERTO RICO";"Lonchura atricapilla";2000
"PUERTO RICO";"Lonchura cantans";1960
"PUERTO RICO";"Lonchura cucullata";1529
"PUERTO RICO";"Lonchura malabarica";1960
"PUERTO RICO";"Lonchura malacca";1960
"PUERTO RICO";"Lonchura punctulata";1960
"PUERTO RICO";"Melopsittacus undulatus";1998
"PUERTO RICO";"Molothrus bonariensis";1859
"PUERTO RICO";"Myiopsitta monachus";1955
"PUERTO RICO";"Nandayus nenday";1970
"PUERTO RICO";"Numida meleagris";1836
"PUERTO RICO";"Padda oryzivora";1960
"PUERTO RICO";"Paroaria coronata";2005
"PUERTO RICO";"Passer domesticus";1969
"PUERTO RICO";"Psittacula krameri";2005
"PUERTO RICO";"Serinus canaria";1981
"PUERTO RICO";"Serinus mozambicus";1960
"PUERTO RICO";"Sicalis flaveola";1960
"PUERTO RICO";"Streptopelia risoria";1979
"PUERTO RICO";"Streptopelia roseogrisea";2006
"PUERTO RICO";"Vidua macroura";1960
"QATAR";"Acridotheres tristis";1996
"QATAR";"Columba livia";1996
"QATAR";"Corvus splendens";1993
"QATAR";"Psittacula krameri";2005
"QATAR";"Pycnonotus cafer";1967
"QATAR";"Streptopelia decaocto";1965
"REUNION";"Acridotheres tristis";1762
"REUNION";"Amandava amandava";1650
"REUNION";"Columba livia";1800
"REUNION";"Coturnix chinensis";1820
"REUNION";"Coturnix coturnix";1859
"REUNION";"Coturnix japonica";2002
"REUNION";"Estrilda astrild";1650
"REUNION";"Foudia madagascariensis";1760
"REUNION";"Francolinus pondicerianus";1750
"REUNION";"Gallus gallus";1890
"REUNION";"Geopelia striata";1789
"REUNION";"Leiothrix lutea";1975
"REUNION";"Lonchura punctulata";1650
"REUNION";"Margaroperdix madagascariensis";1840
"REUNION";"Nesoenas picturata";1850
"REUNION";"Passer domesticus";1844
"REUNION";"Perdicula asiatica";1845
"REUNION";"Phasianus colchicus";2005
"REUNION";"Ploceus cucullatus";1880
"REUNION";"Psittacula krameri";2003
"REUNION";"Pycnonotus jocosus";1968
"REUNION";"Serinus canicollis";1750
"REUNION";"Serinus mozambicus";1750
"REUNION";"Streptopelia risoria";1995
"REUNION";"Turnix nigricollis";1963
"REUNION";"Vidua macroura";1987
"ROMANIA";"Columba livia";1996
"ROMANIA";"Phasianus colchicus";1650
"RUSSIAN FEDERATION";"Acridotheres tristis";1977
"RUSSIAN FEDERATION";"Branta canadensis";1985
"RUSSIAN FEDERATION";"Columba livia";1996
"RUSSIAN FEDERATION";"Phasianus colchicus";1998
"SAINT HELENA";"Acridotheres tristis";1815
"SAINT HELENA";"Alectoris chukar";1531
"SAINT HELENA";"Alectoris graeca";1981
"SAINT HELENA";"Columba livia";1577
"SAINT HELENA";"Estrilda astrild";1773
"SAINT HELENA";"Foudia madagascariensis";1673
"SAINT HELENA";"Francolinus afer";1851
"SAINT HELENA";"Gallinula chloropus";1981
"SAINT HELENA";"Geopelia striata";1770
"SAINT HELENA";"Mimus polyglottos";1992
"SAINT HELENA";"Numida meleagris";1981
"SAINT HELENA";"Padda oryzivora";1770
"SAINT HELENA";"Passer domesticus";1985
"SAINT HELENA";"Phasianus colchicus";1513
"SAINT HELENA";"Serinus flaviventris";1770
"SAINT KITTS AND NEVIS";"Columba livia";2005
"SAINT KITTS AND NEVIS";"Quiscalus lugubris";1910
"SAINT KITTS AND NEVIS";"Streptopelia decaocto";1998
"SAINT LUCIA";"Columba livia";2005
"SAINT LUCIA";"Molothrus bonariensis";2005
"SAINT LUCIA";"Sicalis luteola";1920
"SAINT PIERRE AND MIQUELON";"Passer domesticus";2005
"SAINT VINCENT AND THE GRENADINES";"Colinus cristatus";1994
"SAINT VINCENT AND THE GRENADINES";"Columba livia";2005
"SAINT VINCENT AND THE GRENADINES";"Gallus gallus";1960
"SAINT VINCENT AND THE GRENADINES";"Icterus icterus";1981
"SAINT VINCENT AND THE GRENADINES";"Molothrus bonariensis";1924
"SAINT VINCENT AND THE GRENADINES";"Ortalis ruficauda";1960
"SAINT VINCENT AND THE GRENADINES";"Sicalis luteola";1920
"SAMOA";"Acridotheres fuscus";1965
"SAMOA";"Acridotheres tristis";1981
"SAMOA";"Columba livia";1985
"SAMOA";"Gallus gallus";1985
"SAMOA";"Pycnonotus cafer";1943
"SAMOA";"Stigmatopelia chinensis";2001
"SAN MARINO";"Columba livia";1996
"SAO TOME AND PRINCIPE";"Estrilda astrild";1955
"SAO TOME AND PRINCIPE";"Euplectes albonotatus";1982
"SAO TOME AND PRINCIPE";"Euplectes aureus";1982
"SAO TOME AND PRINCIPE";"Ploceus cucullatus";1962
"SAO TOME AND PRINCIPE";"Ploceus velatus";2010
"SAO TOME AND PRINCIPE";"Psittacus erithacus";1982
"SAO TOME AND PRINCIPE";"Serinus mozambicus";1968
"SAO TOME AND PRINCIPE";"Stigmatopelia senegalensis";1905
"SAO TOME AND PRINCIPE";"Uraeginthus angolensis";1982
"SAUDI ARABIA";"Acridotheres tristis";1984
"SAUDI ARABIA";"Amandava amandava";1982
"SAUDI ARABIA";"Anas clypeata";1995
"SAUDI ARABIA";"Anas platyrhynchos";1955
"SAUDI ARABIA";"Columba livia";1996
"SAUDI ARABIA";"Corvus splendens";1975
"SAUDI ARABIA";"Lonchura malabarica";2010
"SAUDI ARABIA";"Ploceus manyar";1988
"SAUDI ARABIA";"Psittacula krameri";2005
"SAUDI ARABIA";"Pycnonotus leucogenys";1996
"SAUDI ARABIA";"Sturnus contra";1998
"SENEGAL";"Columba livia";1996
"SENEGAL";"Passer domesticus";1970
"SERBIA";"Columba livia";1996
"SERBIA";"Phasianus colchicus";1998
"SEYCHELLES";"Acridotheres tristis";1762
"SEYCHELLES";"Agapornis canus";1906
"SEYCHELLES";"Bubulcus ibis";1878
"SEYCHELLES";"Columba livia";1975
"SEYCHELLES";"Corvus splendens";2009
"SEYCHELLES";"Estrilda astrild";1768
"SEYCHELLES";"Foudia madagascariensis";1860
"SEYCHELLES";"Foudia sechellarum";2010
"SEYCHELLES";"Francolinus pondicerianus";1872
"SEYCHELLES";"Geopelia striata";1963
"SEYCHELLES";"Lonchura punctulata";1993
"SEYCHELLES";"Nesoenas picturata";1849
"SEYCHELLES";"Padda oryzivora";1996
"SEYCHELLES";"Passer domesticus";1969
"SEYCHELLES";"Pycnonotus jocosus";1976
"SEYCHELLES";"Serinus mozambicus";1977
"SEYCHELLES";"Tyto alba";1951
"SIERRA LEONE";"Columba livia";1996
"SINGAPORE";"Acridotheres cinereus";1999
"SINGAPORE";"Acridotheres cristatellus";1919
"SINGAPORE";"Acridotheres fuscus";1981
"SINGAPORE";"Acridotheres javanicus";1915
"SINGAPORE";"Acridotheres tristis";1935
"SINGAPORE";"Amandava amandava";1982
"SINGAPORE";"Bubulcus ibis";2004
"SINGAPORE";"Cacatua goffiniana";1980
"SINGAPORE";"Cacatua sanguinea";1979
"SINGAPORE";"Cacatua sulphurea";1926
"SINGAPORE";"Columba livia";1958
"SINGAPORE";"Corvus splendens";1790
"SINGAPORE";"Dendrocygna arcuata";1988
"SINGAPORE";"Eos bornea";2003
"SINGAPORE";"Eudynamys scolopaceus";1979
"SINGAPORE";"Garrulax canorus";1981
"SINGAPORE";"Garrulax leucolophus";1979
"SINGAPORE";"Lonchura leucogastroides";1910
"SINGAPORE";"Lonchura punctulata";1930
"SINGAPORE";"Megalaima lineata";1996
"SINGAPORE";"Oriolus chinensis";1939
"SINGAPORE";"Padda oryzivora";1839
"SINGAPORE";"Passer domesticus";1995
"SINGAPORE";"Passer montanus";1600
"SINGAPORE";"Ploceus manyar";1997
"SINGAPORE";"Psittacula alexandri";1943
"SINGAPORE";"Psittacula krameri";1950
"SINGAPORE";"Pycnonotus aurigaster";1923
"SINGAPORE";"Pycnonotus jocosus";1912
"SINGAPORE";"Pycnonotus melanicterus";1988
"SINGAPORE";"Streptopelia tranquebarica";1940
"SINGAPORE";"Sturnus melanopterus";1993
"SINGAPORE";"Threskiornis melanocephalus";2003
"SINGAPORE";"Trichoglossus haematodus";2006
"SINGAPORE";"Tyto alba";2006
"SINGAPORE";"Zosterops japonicus";2000
"SLOVAKIA";"Columba livia";1996
"SLOVAKIA";"Phasianus colchicus";1998
"SLOVENIA";"Columba livia";1996
"SLOVENIA";"Phasianus colchicus";1998
"SOLOMON ISLANDS";"Acridotheres tristis";1920
"SOLOMON ISLANDS";"Manorina melanocephala";1957
"SOMALIA";"Columba livia";1996
"SOMALIA";"Corvus splendens";1986
"SOUTH AFRICA";"Acridotheres tristis";1888
"SOUTH AFRICA";"Agapornis roseicollis";1982
"SOUTH AFRICA";"Alectoris chukar";1964
"SOUTH AFRICA";"Alectoris graeca";1971
"SOUTH AFRICA";"Anas platyrhynchos";1978
"SOUTH AFRICA";"Carduelis chloris";1981
"SOUTH AFRICA";"Columba livia";1652
"SOUTH AFRICA";"Corvus splendens";1890
"SOUTH AFRICA";"Cygnus olor";1979
"SOUTH AFRICA";"Francolinus capensis";2002
"SOUTH AFRICA";"Fringilla coelebs";1895
"SOUTH AFRICA";"Numida meleagris";1855
"SOUTH AFRICA";"Paroaria coronata";1957
"SOUTH AFRICA";"Passer domesticus";1880
"SOUTH AFRICA";"Pavo cristatus";2002
"SOUTH AFRICA";"Phasianus colchicus";1932
"SOUTH AFRICA";"Psittacula krameri";1851
"SOUTH AFRICA";"Sturnus vulgaris";1850
"SOUTH GEORGIA AND THE SOUTH SANDWICH ISLANDS";"Columba livia";1968
"SPAIN";"Acridotheres tristis";1993
"SPAIN";"Alectoris barbara";1450
"SPAIN";"Alectoris rufa";1866
"SPAIN";"Amandava amandava";1973
"SPAIN";"Aratinga acuticaudata";2002
"SPAIN";"Aratinga erythrogenys";1991
"SPAIN";"Aratinga mitrata";2005
"SPAIN";"Carduelis carduelis";1997
"SPAIN";"Columba livia";1996
"SPAIN";"Cygnus olor";1993
"SPAIN";"Estrilda astrild";1970
"SPAIN";"Estrilda melpoda";1990
"SPAIN";"Estrilda troglodytes";1984
"SPAIN";"Euplectes afer";2003
"SPAIN";"Myiopsitta monachus";1974
"SPAIN";"Nandayus nenday";1994
"SPAIN";"Oxyura jamaicensis";1973
"SPAIN";"Passer domesticus";1997
"SPAIN";"Passer hispaniolensis";1810
"SPAIN";"Phasianus colchicus";1998
"SPAIN";"Ploceus galbula";2003
"SPAIN";"Psittacula krameri";1982
"SPAIN";"Streptopelia risoria";2005
"SPAIN";"Streptopelia roseogrisea";1998
"SPAIN";"Threskiornis aethiopicus";1975
"SRI LANKA";"Columba livia";1996
"SRI LANKA";"Padda oryzivora";1869
"SRI LANKA";"Pelecanus philippensis";2005
"SRI LANKA";"Stigmatopelia chinensis";2001
"SUDAN";"Columba livia";1996
"SUDAN";"Corvus splendens";1890
"SWAZILAND";"Acridotheres tristis";2001
"SWAZILAND";"Columba livia";2005
"SWAZILAND";"Passer domesticus";1890
"SWEDEN";"Branta canadensis";1929
"SWEDEN";"Branta hutchinsii";1945
"SWEDEN";"Branta leucopsis";1997
"SWEDEN";"Columba livia";1996
"SWEDEN";"Phasianus colchicus";1740
"SWITZERLAND";"Aix galericulata";1969
"SWITZERLAND";"Columba livia";1996
"SWITZERLAND";"Cygnus olor";1850
"SWITZERLAND";"Phasianus colchicus";1642
"SWITZERLAND";"Tadorna ferruginea";1988
"SYRIAN ARAB REPUBLIC";"Columba livia";1996
"TAIWAN, PROVINCE OF CHINA";"Acridotheres fuscus";1999
"TAIWAN, PROVINCE OF CHINA";"Acridotheres ginginianus";2009
"TAIWAN, PROVINCE OF CHINA";"Acridotheres grandis";2009
"TAIWAN, PROVINCE OF CHINA";"Acridotheres javanicus";1999
"TAIWAN, PROVINCE OF CHINA";"Acridotheres tristis";1999
"TAIWAN, PROVINCE OF CHINA";"Amandava amandava";2009
"TAIWAN, PROVINCE OF CHINA";"Aplonis panayensis";2001
"TAIWAN, PROVINCE OF CHINA";"Cacatua alba";2009
"TAIWAN, PROVINCE OF CHINA";"Cacatua galerita";2006
"TAIWAN, PROVINCE OF CHINA";"Cacatua goffiniana";2009
"TAIWAN, PROVINCE OF CHINA";"Cacatua sulphurea";2006
"TAIWAN, PROVINCE OF CHINA";"Columba livia";1996
"TAIWAN, PROVINCE OF CHINA";"Copsychus malabaricus";1988
"TAIWAN, PROVINCE OF CHINA";"Copsychus saularis";2009
"TAIWAN, PROVINCE OF CHINA";"Cyanopica cyanus";2009
"TAIWAN, PROVINCE OF CHINA";"Eos bornea";2009
"TAIWAN, PROVINCE OF CHINA";"Estrilda astrild";2005
"TAIWAN, PROVINCE OF CHINA";"Estrilda melpoda";2009
"TAIWAN, PROVINCE OF CHINA";"Garrulax canorus";1975
"TAIWAN, PROVINCE OF CHINA";"Garrulax chinensis";2009
"TAIWAN, PROVINCE OF CHINA";"Gracula religiosa";1999
"TAIWAN, PROVINCE OF CHINA";"Lonchura atricapilla";2005
"TAIWAN, PROVINCE OF CHINA";"Lonchura maja";2005
"TAIWAN, PROVINCE OF CHINA";"Lonchura malabarica";2005
"TAIWAN, PROVINCE OF CHINA";"Melopsittacus undulatus";2009
"TAIWAN, PROVINCE OF CHINA";"Padda oryzivora";1981
"TAIWAN, PROVINCE OF CHINA";"Passer montanus";1728
"TAIWAN, PROVINCE OF CHINA";"Pica pica";2009
"TAIWAN, PROVINCE OF CHINA";"Ploceus intermedius";2009
"TAIWAN, PROVINCE OF CHINA";"Psittacula krameri";2009
"TAIWAN, PROVINCE OF CHINA";"Sturnus contra";2009
"TAIWAN, PROVINCE OF CHINA";"Sturnus malabaricus";2009
"TAIWAN, PROVINCE OF CHINA";"Sturnus nigricollis";1999
"TAIWAN, PROVINCE OF CHINA";"Threskiornis aethiopicus";2009
"TAIWAN, PROVINCE OF CHINA";"Urocissa erythrorhyncha";2009
"TAJIKISTAN";"Columba livia";1996
"TANZANIA, UNITED REPUBLIC OF";"Agapornis fischeri";1982
"TANZANIA, UNITED REPUBLIC OF";"Agapornis personatus";1998
"TANZANIA, UNITED REPUBLIC OF";"Columba livia";1982
"TANZANIA, UNITED REPUBLIC OF";"Corvus splendens";1890
"TANZANIA, UNITED REPUBLIC OF";"Francolinus hildebrandti";1982
"TANZANIA, UNITED REPUBLIC OF";"Lonchura fringilloides";1936
"TANZANIA, UNITED REPUBLIC OF";"Padda oryzivora";1857
"TANZANIA, UNITED REPUBLIC OF";"Passer domesticus";1900
"TANZANIA, UNITED REPUBLIC OF";"Psittacula krameri";1934
"TANZANIA, UNITED REPUBLIC OF";"Serinus dorsostriatus";2010
"TANZANIA, UNITED REPUBLIC OF";"Serinus mozambicus";1982
"TANZANIA, UNITED REPUBLIC OF";"Stigmatopelia senegalensis";1957
"TANZANIA, UNITED REPUBLIC OF";"Uraeginthus angolensis";1993
"THAILAND";"Columba livia";1996
"THAILAND";"Garrulax leucolophus";2005
"THAILAND";"Geopelia striata";1915
"THAILAND";"Padda oryzivora";1900
"THAILAND";"Psittacula krameri";2005
"THAILAND";"Pycnonotus aurigaster";1988
"TOGO";"Columba livia";2005
"TONGA";"Acridotheres fuscus";1998
"TONGA";"Columba livia";1987
"TONGA";"Gallus gallus";1987
"TONGA";"Megapodius pritchardii";1993
"TONGA";"Prosopeia tabuensis";1750
"TONGA";"Pycnonotus cafer";1928
"TONGA";"Sturnus vulgaris";1976
"TRINIDAD AND TOBAGO";"Amazona ochrocephala";1991
"TRINIDAD AND TOBAGO";"Aratinga pertinax";2003
"TRINIDAD AND TOBAGO";"Bubulcus ibis";1981
"TRINIDAD AND TOBAGO";"Carduelis cucullata";2006
"TRINIDAD AND TOBAGO";"Columba livia";1981
"TRINIDAD AND TOBAGO";"Estrilda astrild";1982
"TRINIDAD AND TOBAGO";"Forpus passerinus";1991
"TRINIDAD AND TOBAGO";"Jacana jacana";1974
"TRINIDAD AND TOBAGO";"Mimus gilvus";1956
"TRINIDAD AND TOBAGO";"Molothrus bonariensis";2005
"TRINIDAD AND TOBAGO";"Pitangus sulphuratus";2003
"TRINIDAD AND TOBAGO";"Porphyrio flavirostris";2003
"TRINIDAD AND TOBAGO";"Quiscalus lugubris";1905
"TRINIDAD AND TOBAGO";"Sicalis flaveola";1958
"TRINIDAD AND TOBAGO";"Streptopelia decaocto";2003
"TRINIDAD AND TOBAGO";"Thraupis palmarum";2003
"TUNISIA";"Columba livia";1996
"TUNISIA";"Corvus monedula";1981
"TURKEY";"Columba livia";1996
"TURKEY";"Phasianus colchicus";1970
"TURKEY";"Psittacula krameri";1975
"TURKMENISTAN";"Columba livia";1996
"TURKS AND CAICOS ISLANDS";"Bubulcus ibis";2003
"TURKS AND CAICOS ISLANDS";"Columba livia";1987
"TURKS AND CAICOS ISLANDS";"Gallus gallus";1987
"TURKS AND CAICOS ISLANDS";"Numida meleagris";1972
"UGANDA";"Columba livia";1982
"UGANDA";"Psittacula krameri";1982
"UKRAINE";"Alectoris chukar";1947
"UKRAINE";"Alectoris graeca";1981
"UKRAINE";"Branta canadensis";1995
"UKRAINE";"Columba livia";1996
"UKRAINE";"Phasianus colchicus";1998
"UNITED ARAB EMIRATES";"Acridotheres ginginianus";1975
"UNITED ARAB EMIRATES";"Acridotheres tristis";1976
"UNITED ARAB EMIRATES";"Alectoris chukar";1550
"UNITED ARAB EMIRATES";"Alopochen aegyptiaca";1976
"UNITED ARAB EMIRATES";"Amandava amandava";1988
"UNITED ARAB EMIRATES";"Columba livia";1996
"UNITED ARAB EMIRATES";"Corvus splendens";1959
"UNITED ARAB EMIRATES";"Francolinus francolinus";1975
"UNITED ARAB EMIRATES";"Francolinus pondicerianus";1975
"UNITED ARAB EMIRATES";"Lonchura punctulata";1985
"UNITED ARAB EMIRATES";"Phoenicopterus roseus";2005
"UNITED ARAB EMIRATES";"Ploceus intermedius";1984
"UNITED ARAB EMIRATES";"Ploceus jacksoni";1991
"UNITED ARAB EMIRATES";"Ploceus manyar";1981
"UNITED ARAB EMIRATES";"Psittacula eupatria";1984
"UNITED ARAB EMIRATES";"Psittacula krameri";1970
"UNITED ARAB EMIRATES";"Pycnonotus cafer";1974
"UNITED ARAB EMIRATES";"Pycnonotus jocosus";1985
"UNITED ARAB EMIRATES";"Sturnus contra";1989
"UNITED KINGDOM";"Aix galericulata";1650
"UNITED KINGDOM";"Alectoris chukar";1928
"UNITED KINGDOM";"Alectoris graeca";1977
"UNITED KINGDOM";"Alectoris rufa";1673
"UNITED KINGDOM";"Alopochen aegyptiaca";1650
"UNITED KINGDOM";"Anas strepera";1850
"UNITED KINGDOM";"Anser indicus";1990
"UNITED KINGDOM";"Athene noctua";1790
"UNITED KINGDOM";"Branta canadensis";1650
"UNITED KINGDOM";"Branta hutchinsii";1750
"UNITED KINGDOM";"Branta leucopsis";1979
"UNITED KINGDOM";"Bubo bubo";1983
"UNITED KINGDOM";"Cairina moschata";1981
"UNITED KINGDOM";"Chen caerulescens";1980
"UNITED KINGDOM";"Chrysolophus amherstiae";1850
"UNITED KINGDOM";"Chrysolophus pictus";1845
"UNITED KINGDOM";"Colinus virginianus";1956
"UNITED KINGDOM";"Columba livia";1299
"UNITED KINGDOM";"Cygnus atratus";1791
"UNITED KINGDOM";"Egretta garzetta";1950
"UNITED KINGDOM";"Myiopsitta monachus";1988
"UNITED KINGDOM";"Netta rufina";1900
"UNITED KINGDOM";"Nycticorax nycticorax";1955
"UNITED KINGDOM";"Oxyura jamaicensis";1935
"UNITED KINGDOM";"Phasianus colchicus";1054
"UNITED KINGDOM";"Phasianus versicolor";1840
"UNITED KINGDOM";"Psittacula krameri";1854
"UNITED KINGDOM";"Streptopelia decaocto";1981
"UNITED KINGDOM";"Syrmaticus reevesii";1870
"UNITED STATES Alabama";"Streptopelia roseogrisea";2005
"UNITED STATES Alabama";"Columba livia";1900
"UNITED STATES Alabama";"Cygnus olor";2005
"UNITED STATES Alabama";"Myiopsitta monachus";2004
"UNITED STATES Alabama";"Passer domesticus";1865
"UNITED STATES Alabama";"Phasianus colchicus";1928
"UNITED STATES Alabama";"Streptopelia decaocto";1981
"UNITED STATES Alabama";"Streptopelia risoria";2005
"UNITED STATES Alabama";"Sturnus vulgaris";1918
"UNITED STATES Alaska";"Dendragapus canadensis";1957
"UNITED STATES Alaska";"Columba livia";1900
"UNITED STATES Alaska";"Passer domesticus";2010
"UNITED STATES Alaska";"Sturnus vulgaris";1952
"UNITED STATES Arizona";"Agapornis roseicollis";1998
"UNITED STATES Arizona";"Callipepla californica";2004
"UNITED STATES Arizona";"Rhynchopsitta pachyrhyncha";1986
"UNITED STATES Arizona";"Stigmatopelia chinensis";1920
"UNITED STATES Arizona";"Columba livia";1900
"UNITED STATES Arizona";"Callipepla gambelii";1928
"UNITED STATES Arizona";"Colinus virginianus";1865
"UNITED STATES Arizona";"Passer domesticus";1904
"UNITED STATES Arizona";"Phasianus colchicus";1912
"UNITED STATES Arizona";"Sturnus vulgaris";1946
"UNITED STATES Arizona";"Branta canadensis";1966
"UNITED STATES Arkansas";"Columba livia";1900
"UNITED STATES Arkansas";"Cygnus olor";2010
"UNITED STATES Arkansas";"Passer domesticus";1865
"UNITED STATES Arkansas";"Phasianus colchicus";1928
"UNITED STATES Arkansas";"Streptopelia decaocto";1979
"UNITED STATES Arkansas";"Sturnus vulgaris";1933
"UNITED STATES Arkansas";"Bonasa umbellus";2010
"UNITED STATES California";"Mimus polyglottos";1891
"UNITED STATES California";"Alectoris graeca";1974
"UNITED STATES California";"Amazona autumnalis";1968
"UNITED STATES California";"Amazona finschi";1974
"UNITED STATES California";"Amazona oratrix";1962
"UNITED STATES California";"Amazona viridigenalis";1963
"UNITED STATES California";"Aratinga acuticaudata";1983
"UNITED STATES California";"Aratinga erythrogenys";1983
"UNITED STATES California";"Aratinga mitrata";1980
"UNITED STATES California";"Brotogeris chiriri";1969
"UNITED STATES California";"Brotogeris versicolurus";1971
"UNITED STATES California";"Callipepla californica";1874
"UNITED STATES California";"Callipepla gambelii";1928
"UNITED STATES California";"Cardinalis cardinalis";1880
"UNITED STATES California";"Estrilda melpoda";1981
"UNITED STATES California";"Euplectes franciscanus";1982
"UNITED STATES California";"Francolinus pondicerianus";1981
"UNITED STATES California";"Gymnogyps californianus";1991
"UNITED STATES California";"Meleagris gallopavo";1967
"UNITED STATES California";"Melopsittacus undulatus";1935
"UNITED STATES California";"Nandayus nenday";1968
"UNITED STATES California";"Ocyphaps lophotes";1928
"UNITED STATES California";"Pavo cristatus";1930
"UNITED STATES California";"Psittacula krameri";1956
"UNITED STATES California";"Pycnonotus cafer";1960
"UNITED STATES California";"Pycnonotus jocosus";1968
"UNITED STATES California";"Stigmatopelia chinensis";1915
"UNITED STATES California";"Zosterops japonicus";1983
"UNITED STATES California";"Columba livia";1900
"UNITED STATES California";"Lagopus leucura";1975
"UNITED STATES California";"Myiopsitta monachus";1972
"UNITED STATES California";"Oreortyx pictus";2004
"UNITED STATES California";"Passer domesticus";1850
"UNITED STATES California";"Phasianus colchicus";1880
"UNITED STATES California";"Streptopelia decaocto";1981
"UNITED STATES California";"Streptopelia risoria";1929
"UNITED STATES California";"Streptopelia roseogrisea";2005
"UNITED STATES California";"Sturnus vulgaris";1942
"UNITED STATES California";"Alectoris chukar";1925
"UNITED STATES Colorado";"Columba livia";1900
"UNITED STATES Colorado";"Callipepla gambelii";1973
"UNITED STATES Colorado";"Colinus virginianus";1865
"UNITED STATES Colorado";"Passer domesticus";1898
"UNITED STATES Colorado";"Phasianus colchicus";1875
"UNITED STATES Colorado";"Streptopelia decaocto";1979
"UNITED STATES Colorado";"Sturnus vulgaris";1938
"UNITED STATES Colorado";"Alectoris chukar";1960
"UNITED STATES Connecticut";"Columba livia";1900
"UNITED STATES Connecticut";"Cygnus olor";2005
"UNITED STATES Connecticut";"Myiopsitta monachus";1973
"UNITED STATES Connecticut";"Passer domesticus";1855
"UNITED STATES Connecticut";"Phasianus colchicus";1928
"UNITED STATES Connecticut";"Sturnus vulgaris";1908
"UNITED STATES Delaware";"Columba livia";1900
"UNITED STATES Delaware";"Cygnus olor";2010
"UNITED STATES Delaware";"Myiopsitta monachus";2004
"UNITED STATES Delaware";"Passer domesticus";1855
"UNITED STATES Delaware";"Phasianus colchicus";1928
"UNITED STATES Delaware";"Phasianus versicolor";1960
"UNITED STATES Delaware";"Sturnus vulgaris";1952
"UNITED STATES District of Columbia";"Columba livia";1900
"UNITED STATES District of Columbia";"Myiopsitta monachus";1998
"UNITED STATES District of Columbia";"Passer domesticus";1855
"UNITED STATES District of Columbia";"Phasianus colchicus";1928
"UNITED STATES District of Columbia";"Sturnus vulgaris";1952
"UNITED STATES Florida";"Acridotheres tristis";1983
"UNITED STATES Florida";"Amazona amazonica";1974
"UNITED STATES Florida";"Amazona oratrix";1973
"UNITED STATES Florida";"Amazona viridigenalis";1965
"UNITED STATES Florida";"Anas platyrhynchos";1860
"UNITED STATES Florida";"Ara severus";1978
"UNITED STATES Florida";"Aratinga acuticaudata";1983
"UNITED STATES Florida";"Aratinga canicularis";1981
"UNITED STATES Florida";"Aratinga erythrogenys";1984
"UNITED STATES Florida";"Aratinga mitrata";1986
"UNITED STATES Florida";"Aratinga pertinax";1973
"UNITED STATES Florida";"Aratinga weddellii";1985
"UNITED STATES Florida";"Brotogeris chiriri";1965
"UNITED STATES Florida";"Brotogeris versicolurus";1965
"UNITED STATES Florida";"Cacatua galerita";1955
"UNITED STATES Florida";"Cairina moschata";1967
"UNITED STATES Florida";"Carpodacus mexicanus";1945
"UNITED STATES Florida";"Dendrocygna autumnalis";1966
"UNITED STATES Florida";"Dendrocygna bicolor";1950
"UNITED STATES Florida";"Francolinus francolinus";1960
"UNITED STATES Florida";"Gracula religiosa";1969
"UNITED STATES Florida";"Icterus pectoralis";1940
"UNITED STATES Florida";"Lonchura punctulata";1963
"UNITED STATES Florida";"Melopsittacus undulatus";1939
"UNITED STATES Florida";"Nandayus nenday";1900
"UNITED STATES Florida";"Padda oryzivora";2006
"UNITED STATES Florida";"Paroaria coronata";1961
"UNITED STATES Florida";"Pavo cristatus";1973
"UNITED STATES Florida";"Phoenicopterus ruber";1930
"UNITED STATES Florida";"Porphyrio porphyrio";1996
"UNITED STATES Florida";"Psittacula krameri";1935
"UNITED STATES Florida";"Pycnonotus cafer";1960
"UNITED STATES Florida";"Pycnonotus jocosus";1959
"UNITED STATES Florida";"Streptopelia roseogrisea";2005
"UNITED STATES Florida";"Thraupis episcopus";1981
"UNITED STATES Florida";"Zenaida asiatica";1959
"UNITED STATES Florida";"Columba livia";1801
"UNITED STATES Florida";"Cygnus olor";1957
"UNITED STATES Florida";"Myiopsitta monachus";1969
"UNITED STATES Florida";"Passer domesticus";1882
"UNITED STATES Florida";"Phasianus colchicus";1928
"UNITED STATES Florida";"Streptopelia decaocto";1979
"UNITED STATES Florida";"Streptopelia risoria";1922
"UNITED STATES Florida";"Sturnus vulgaris";1918
"UNITED STATES Florida";"Branta canadensis";2010
"UNITED STATES Georgia";"Ortalis vetula";1923
"UNITED STATES Georgia";"Columba livia";1900
"UNITED STATES Georgia";"Myiopsitta monachus";2005
"UNITED STATES Georgia";"Passer domesticus";1865
"UNITED STATES Georgia";"Phasianus colchicus";1887
"UNITED STATES Georgia";"Streptopelia decaocto";1979
"UNITED STATES Georgia";"Sturnus vulgaris";1917
"UNITED STATES Hawaiian Islands";"Acridotheres tristis";1865
"UNITED STATES Hawaiian Islands";"Alauda arvensis";1865
"UNITED STATES Hawaiian Islands";"Alectoris graeca";1981
"UNITED STATES Hawaiian Islands";"Amandava amandava";1900
"UNITED STATES Hawaiian Islands";"Amazona viridigenalis";1970
"UNITED STATES Hawaiian Islands";"Anas platyrhynchos";1988
"UNITED STATES Hawaiian Islands";"Aratinga mitrata";1986
"UNITED STATES Hawaiian Islands";"Bambusicola thoracicus";1959
"UNITED STATES Hawaiian Islands";"Bubulcus ibis";1959
"UNITED STATES Hawaiian Islands";"Callipepla californica";1854
"UNITED STATES Hawaiian Islands";"Callipepla gambelii";1928
"UNITED STATES Hawaiian Islands";"Caloenas nicobarica";1987
"UNITED STATES Hawaiian Islands";"Cardinalis cardinalis";1928
"UNITED STATES Hawaiian Islands";"Carduelis carduelis";1929
"UNITED STATES Hawaiian Islands";"Carpodacus mexicanus";1850
"UNITED STATES Hawaiian Islands";"Cettia diphone";1929
"UNITED STATES Hawaiian Islands";"Colinus virginianus";1906
"UNITED STATES Hawaiian Islands";"Collocalia bartschi";1962
"UNITED STATES Hawaiian Islands";"Collocalia vanikorensis";1962
"UNITED STATES Hawaiian Islands";"Columba livia";1796
"UNITED STATES Hawaiian Islands";"Copsychus malabaricus";1931
"UNITED STATES Hawaiian Islands";"Copsychus saularis";1922
"UNITED STATES Hawaiian Islands";"Coturnix chinensis";1910
"UNITED STATES Hawaiian Islands";"Coturnix coturnix";1921
"UNITED STATES Hawaiian Islands";"Coturnix japonica";1921
"UNITED STATES Hawaiian Islands";"Cygnus olor";1920
"UNITED STATES Hawaiian Islands";"Estrilda astrild";1964
"UNITED STATES Hawaiian Islands";"Estrilda caerulescens";1960
"UNITED STATES Hawaiian Islands";"Estrilda melpoda";1960
"UNITED STATES Hawaiian Islands";"Estrilda perreini";1981
"UNITED STATES Hawaiian Islands";"Estrilda troglodytes";1964
"UNITED STATES Hawaiian Islands";"Euplectes afer";1981
"UNITED STATES Hawaiian Islands";"Foudia madagascariensis";1981
"UNITED STATES Hawaiian Islands";"Francolinus adspersus";1981
"UNITED STATES Hawaiian Islands";"Francolinus erckelii";1957
"UNITED STATES Hawaiian Islands";"Francolinus francolinus";1959
"UNITED STATES Hawaiian Islands";"Francolinus pondicerianus";1958
"UNITED STATES Hawaiian Islands";"Fulica americana";1933
"UNITED STATES Hawaiian Islands";"Gallus gallus";500
"UNITED STATES Hawaiian Islands";"Garrulax albogularis";1919
"UNITED STATES Hawaiian Islands";"Garrulax caerulatus";1928
"UNITED STATES Hawaiian Islands";"Garrulax canorus";1900
"UNITED STATES Hawaiian Islands";"Garrulax pectoralis";1919
"UNITED STATES Hawaiian Islands";"Geopelia cuneata";1922
"UNITED STATES Hawaiian Islands";"Geopelia humeralis";1922
"UNITED STATES Hawaiian Islands";"Geopelia striata";1922
"UNITED STATES Hawaiian Islands";"Gracula religiosa";1887
"UNITED STATES Hawaiian Islands";"Grallina cyanoleuca";1922
"UNITED STATES Hawaiian Islands";"Gubernatrix cristata";1961
"UNITED STATES Hawaiian Islands";"Leiothrix lutea";1917
"UNITED STATES Hawaiian Islands";"Leucosarcia melanoleuca";1922
"UNITED STATES Hawaiian Islands";"Lonchura atricapilla";1944
"UNITED STATES Hawaiian Islands";"Lonchura cantans";1993
"UNITED STATES Hawaiian Islands";"Lonchura malabarica";1961
"UNITED STATES Hawaiian Islands";"Lonchura malacca";1936
"UNITED STATES Hawaiian Islands";"Lonchura punctulata";1865
"UNITED STATES Hawaiian Islands";"Lophura leucomelanos";1962
"UNITED STATES Hawaiian Islands";"Melanocorypha mongolica";1914
"UNITED STATES Hawaiian Islands";"Meleagris gallopavo";1788
"UNITED STATES Hawaiian Islands";"Mimus polyglottos";1928
"UNITED STATES Hawaiian Islands";"Myiopsitta monachus";1970
"UNITED STATES Hawaiian Islands";"Nandayus nenday";1973
"UNITED STATES Hawaiian Islands";"Ocyphaps lophotes";1922
"UNITED STATES Hawaiian Islands";"Oreortyx pictus";1929
"UNITED STATES Hawaiian Islands";"Padda oryzivora";1865
"UNITED STATES Hawaiian Islands";"Paroaria capitata";1930
"UNITED STATES Hawaiian Islands";"Paroaria coronata";1928
"UNITED STATES Hawaiian Islands";"Paroaria gularis";1961
"UNITED STATES Hawaiian Islands";"Parus varius";1890
"UNITED STATES Hawaiian Islands";"Passer domesticus";1858
"UNITED STATES Hawaiian Islands";"Pavo cristatus";1860
"UNITED STATES Hawaiian Islands";"Phaps chalcoptera";1922
"UNITED STATES Hawaiian Islands";"Phasianus colchicus";1928
"UNITED STATES Hawaiian Islands";"Phasianus versicolor";1799
"UNITED STATES Hawaiian Islands";"Psittacula krameri";1960
"UNITED STATES Hawaiian Islands";"Pterocles exustus";1961
"UNITED STATES Hawaiian Islands";"Pycnonotus cafer";1961
"UNITED STATES Hawaiian Islands";"Pycnonotus jocosus";1965
"UNITED STATES Hawaiian Islands";"Rhipidura leucophrys";1926
"UNITED STATES Hawaiian Islands";"Serinus canaria";1944
"UNITED STATES Hawaiian Islands";"Serinus mozambicus";1959
"UNITED STATES Hawaiian Islands";"Sicalis flaveola";1960
"UNITED STATES Hawaiian Islands";"Stagonopleura guttata";1961
"UNITED STATES Hawaiian Islands";"Stigmatopelia chinensis";1788
"UNITED STATES Hawaiian Islands";"Streptopelia decaocto";1920
"UNITED STATES Hawaiian Islands";"Sturnella militaris";1931
"UNITED STATES Hawaiian Islands";"Sturnella neglecta";1931
"UNITED STATES Hawaiian Islands";"Sturnus vulgaris";1952
"UNITED STATES Hawaiian Islands";"Syrmaticus reevesii";1974
"UNITED STATES Hawaiian Islands";"Telespiza cantans";1967
"UNITED STATES Hawaiian Islands";"Tiaris olivaceus";1970
"UNITED STATES Hawaiian Islands";"Tyto alba";1958
"UNITED STATES Hawaiian Islands";"Uraeginthus angolensis";1965
"UNITED STATES Hawaiian Islands";"Uraeginthus bengalus";1964
"UNITED STATES Hawaiian Islands";"Urocissa erythrorhyncha";1981
"UNITED STATES Hawaiian Islands";"Vidua chalybeata";1961
"UNITED STATES Hawaiian Islands";"Vidua macroura";1965
"UNITED STATES Hawaiian Islands";"Zenaida macroura";1929
"UNITED STATES Hawaiian Islands";"Zosterops japonicus";1928
"UNITED STATES Hawaiian Islands";"Zosterops palpebrosus";1929
"UNITED STATES Hawaiian Islands";"Alectoris chukar";1923
"UNITED STATES Hawaiian Islands";"Branta canadensis";1981
"UNITED STATES Idaho";"Callipepla californica";1879
"UNITED STATES Idaho";"Callipepla gambelii";1973
"UNITED STATES Idaho";"Columba livia";1900
"UNITED STATES Idaho";"Colinus virginianus";1865
"UNITED STATES Idaho";"Myiopsitta monachus";1998
"UNITED STATES Idaho";"Oreortyx pictus";1865
"UNITED STATES Idaho";"Passer domesticus";1898
"UNITED STATES Idaho";"Phasianus colchicus";1928
"UNITED STATES Idaho";"Phasianus versicolor";1960
"UNITED STATES Idaho";"Sturnus vulgaris";1941
"UNITED STATES Idaho";"Alectoris chukar";1938
"UNITED STATES Illinois";"Columba livia";1900
"UNITED STATES Illinois";"Cygnus olor";2005
"UNITED STATES Illinois";"Myiopsitta monachus";1973
"UNITED STATES Illinois";"Passer domesticus";1870
"UNITED STATES Illinois";"Passer montanus";1910
"UNITED STATES Illinois";"Perdix perdix";1899
"UNITED STATES Illinois";"Phasianus colchicus";1910
"UNITED STATES Illinois";"Sturnus vulgaris";1925
"UNITED STATES Illinois";"Alectoris chukar";1893
"UNITED STATES Indiana";"Columba livia";1900
"UNITED STATES Indiana";"Cygnus olor";2005
"UNITED STATES Indiana";"Passer domesticus";1870
"UNITED STATES Indiana";"Passer montanus";1995
"UNITED STATES Indiana";"Phasianus colchicus";1908
"UNITED STATES Indiana";"Sturnus vulgaris";1952
"UNITED STATES Iowa";"Bonasa umbellus";2010
"UNITED STATES Iowa";"Columba livia";1900
"UNITED STATES Iowa";"Cygnus olor";2010
"UNITED STATES Iowa";"Passer domesticus";1870
"UNITED STATES Iowa";"Passer montanus";1987
"UNITED STATES Iowa";"Phasianus colchicus";1900
"UNITED STATES Iowa";"Sturnus vulgaris";1930
"UNITED STATES Johnston Atoll";"Columba livia";1976
"UNITED STATES Kansas";"Columba livia";1900
"UNITED STATES Kansas";"Passer domesticus";1885
"UNITED STATES Kansas";"Phasianus colchicus";1924
"UNITED STATES Kansas";"Sturnus vulgaris";1941
"UNITED STATES Kentucky";"Passer montanus";1889
"UNITED STATES Kentucky";"Columba livia";1900
"UNITED STATES Kentucky";"Myiopsitta monachus";1998
"UNITED STATES Kentucky";"Passer domesticus";1870
"UNITED STATES Kentucky";"Phasianus colchicus";1928
"UNITED STATES Kentucky";"Phasianus versicolor";1960
"UNITED STATES Kentucky";"Sturnus vulgaris";1919
"UNITED STATES Louisiana";"Francolinus francolinus";1961
"UNITED STATES Louisiana";"Columba livia";1900
"UNITED STATES Louisiana";"Myiopsitta monachus";1973
"UNITED STATES Louisiana";"Passer domesticus";1865
"UNITED STATES Louisiana";"Phasianus colchicus";1928
"UNITED STATES Louisiana";"Phasianus versicolor";1960
"UNITED STATES Louisiana";"Streptopelia decaocto";1979
"UNITED STATES Louisiana";"Sturnus vulgaris";1921
"UNITED STATES Maine";"Columba livia";1900
"UNITED STATES Maine";"Cygnus olor";2005
"UNITED STATES Maine";"Myiopsitta monachus";1985
"UNITED STATES Maine";"Passer domesticus";1855
"UNITED STATES Maine";"Phasianus colchicus";1928
"UNITED STATES Maine";"Sturnus vulgaris";1952
"UNITED STATES Maryland";"Columba livia";1900
"UNITED STATES Maryland";"Cygnus olor";2002
"UNITED STATES Maryland";"Myiopsitta monachus";1998
"UNITED STATES Maryland";"Passer domesticus";1855
"UNITED STATES Maryland";"Phasianus colchicus";1928
"UNITED STATES Maryland";"Phasianus versicolor";1960
"UNITED STATES Maryland";"Sturnus vulgaris";1952
"UNITED STATES Massachusetts";"Columba livia";1900
"UNITED STATES Massachusetts";"Cygnus olor";2010
"UNITED STATES Massachusetts";"Myiopsitta monachus";1970
"UNITED STATES Massachusetts";"Passer domesticus";1865
"UNITED STATES Massachusetts";"Phasianus colchicus";1885
"UNITED STATES Massachusetts";"Sturnus vulgaris";1924
"UNITED STATES Michigan";"Bonasa umbellus";1944
"UNITED STATES Michigan";"Nandayus nenday";1974
"UNITED STATES Michigan";"Columba livia";1900
"UNITED STATES Michigan";"Cygnus olor";1919
"UNITED STATES Michigan";"Myiopsitta monachus";1971
"UNITED STATES Michigan";"Passer domesticus";1870
"UNITED STATES Michigan";"Passer montanus";1995
"UNITED STATES Michigan";"Perdix perdix";1910
"UNITED STATES Michigan";"Phasianus colchicus";1895
"UNITED STATES Michigan";"Sturnus vulgaris";1952
"UNITED STATES Midway";"Serinus canaria";1910
"UNITED STATES Minnesota";"Columba livia";1900
"UNITED STATES Minnesota";"Colinus virginianus";1840
"UNITED STATES Minnesota";"Cygnus olor";2005
"UNITED STATES Minnesota";"Passer domesticus";1885
"UNITED STATES Minnesota";"Passer montanus";1990
"UNITED STATES Minnesota";"Phasianus colchicus";1895
"UNITED STATES Minnesota";"Sturnus vulgaris";1932
"UNITED STATES Minnesota";"Alectoris chukar";1941
"UNITED STATES MINOR OUTLYING ISLAND";"Acridotheres tristis";1987
"UNITED STATES MINOR OUTLYING ISLAND";"Francolinus francolinus";1994
"UNITED STATES MINOR OUTLYING ISLAND";"Passer montanus";1993
"UNITED STATES MINOR OUTLYING ISLAND";"Serinus canaria";1910
"UNITED STATES MINOR OUTLYING ISLAND";"Columba livia";1987
"UNITED STATES Mississippi";"Columba livia";1900
"UNITED STATES Mississippi";"Myiopsitta monachus";2005
"UNITED STATES Mississippi";"Passer domesticus";1865
"UNITED STATES Mississippi";"Phasianus colchicus";1928
"UNITED STATES Mississippi";"Sturnus vulgaris";1930
"UNITED STATES Mississippi";"Branta canadensis";2008
"UNITED STATES Missouri";"Bonasa umbellus";1961
"UNITED STATES Missouri";"Passer montanus";1850
"UNITED STATES Missouri";"Columba livia";1900
"UNITED STATES Missouri";"Cygnus olor";2005
"UNITED STATES Missouri";"Passer domesticus";1870
"UNITED STATES Missouri";"Perdix perdix";1981
"UNITED STATES Missouri";"Phasianus colchicus";1904
"UNITED STATES Missouri";"Sturnus vulgaris";1934
"UNITED STATES Montana";"Columba livia";1900
"UNITED STATES Montana";"Colinus virginianus";1865
"UNITED STATES Montana";"Cygnus olor";2010
"UNITED STATES Montana";"Passer domesticus";1890
"UNITED STATES Montana";"Phasianus colchicus";1928
"UNITED STATES Montana";"Sturnus vulgaris";1939
"UNITED STATES Montana";"Alectoris chukar";1933
"UNITED STATES Nebraska";"Columba livia";1900
"UNITED STATES Nebraska";"Cygnus olor";2010
"UNITED STATES Nebraska";"Myiopsitta monachus";1972
"UNITED STATES Nebraska";"Passer domesticus";1885
"UNITED STATES Nebraska";"Perdix perdix";1907
"UNITED STATES Nebraska";"Phasianus colchicus";1926
"UNITED STATES Nebraska";"Sturnus vulgaris";1937
"UNITED STATES Nebraska";"Alectoris chukar";1941
"UNITED STATES Nevada";"Bonasa umbellus";1970
"UNITED STATES Nevada";"Tetraogallus himalayensis";1962
"UNITED STATES Nevada";"Callipepla squamata";1965
"UNITED STATES Nevada";"Columba livia";1900
"UNITED STATES Nevada";"Cygnus buccinator";1957
"UNITED STATES Nevada";"Oreortyx pictus";1865
"UNITED STATES Nevada";"Passer domesticus";1910
"UNITED STATES Nevada";"Perdix perdix";1923
"UNITED STATES Nevada";"Phasianus colchicus";1916
"UNITED STATES Nevada";"Sturnus vulgaris";1938
"UNITED STATES Nevada";"Alectoris chukar";1934
"UNITED STATES New Hampshire";"Columba livia";1900
"UNITED STATES New Hampshire";"Myiopsitta monachus";1998
"UNITED STATES New Hampshire";"Passer domesticus";1855
"UNITED STATES New Hampshire";"Phasianus colchicus";1893
"UNITED STATES New Hampshire";"Sturnus vulgaris";1952
"UNITED STATES New Jersey";"Nandayus nenday";1968
"UNITED STATES New Jersey";"Columba livia";1900
"UNITED STATES New Jersey";"Cygnus olor";1916
"UNITED STATES New Jersey";"Myiopsitta monachus";1973
"UNITED STATES New Jersey";"Passer domesticus";1855
"UNITED STATES New Jersey";"Phasianus colchicus";1790
"UNITED STATES New Jersey";"Sturnus vulgaris";1908
"UNITED STATES New Mexico";"Callipepla gambelii";1928
"UNITED STATES New Mexico";"Columba livia";1900
"UNITED STATES New Mexico";"Lagopus leucura";1994
"UNITED STATES New Mexico";"Passer domesticus";1910
"UNITED STATES New Mexico";"Phasianus colchicus";1872
"UNITED STATES New Mexico";"Sturnus vulgaris";1938
"UNITED STATES New Mexico";"Alectoris chukar";1950
"UNITED STATES New York";"Perdix perdix";1916
"UNITED STATES New York";"Carduelis carduelis";2010
"UNITED STATES New York";"Carpodacus mexicanus";1940
"UNITED STATES New York";"Nandayus nenday";1974
"UNITED STATES New York";"Psittacula krameri";1963
"UNITED STATES New York";"Columba livia";1850
"UNITED STATES New York";"Cygnus olor";1890
"UNITED STATES New York";"Myiopsitta monachus";1967
"UNITED STATES New York";"Passer domesticus";1850
"UNITED STATES New York";"Phasianus colchicus";1733
"UNITED STATES New York";"Phasianus versicolor";1960
"UNITED STATES New York";"Sturnus vulgaris";1850
"UNITED STATES North Carolina";"Columba livia";1900
"UNITED STATES North Carolina";"Melopsittacus undulatus";1989
"UNITED STATES North Carolina";"Myiopsitta monachus";1972
"UNITED STATES North Carolina";"Passer domesticus";1870
"UNITED STATES North Carolina";"Phasianus colchicus";1928
"UNITED STATES North Carolina";"Streptopelia decaocto";1979
"UNITED STATES North Carolina";"Sturnus vulgaris";1944
"UNITED STATES North Dakota";"Columba livia";1900
"UNITED STATES North Dakota";"Myiopsitta monachus";1972
"UNITED STATES North Dakota";"Passer domesticus";1890
"UNITED STATES North Dakota";"Phasianus colchicus";1910
"UNITED STATES North Dakota";"Sturnus vulgaris";1939
"UNITED STATES Ohio";"Columba livia";1900
"UNITED STATES Ohio";"Cygnus olor";1934
"UNITED STATES Ohio";"Myiopsitta monachus";1972
"UNITED STATES Ohio";"Passer domesticus";1870
"UNITED STATES Ohio";"Phasianus colchicus";1899
"UNITED STATES Ohio";"Sturnus vulgaris";1872
"UNITED STATES Oklahoma";"Columba livia";1900
"UNITED STATES Oklahoma";"Cygnus olor";2010
"UNITED STATES Oklahoma";"Myiopsitta monachus";1972
"UNITED STATES Oklahoma";"Passer domesticus";1898
"UNITED STATES Oklahoma";"Phasianus colchicus";1909
"UNITED STATES Oklahoma";"Sturnus vulgaris";1929
"UNITED STATES Oregon";"Columba livia";1900
"UNITED STATES Oregon";"Colinus virginianus";1865
"UNITED STATES Oregon";"Cygnus buccinator";1964
"UNITED STATES Oregon";"Cygnus olor";1956
"UNITED STATES Oregon";"Lagopus leucura";1922
"UNITED STATES Oregon";"Mimus polyglottos";1892
"UNITED STATES Oregon";"Myiopsitta monachus";1977
"UNITED STATES Oregon";"Oreortyx pictus";2004
"UNITED STATES Oregon";"Passer domesticus";1898
"UNITED STATES Oregon";"Phasianus colchicus";1881
"UNITED STATES Oregon";"Phasianus versicolor";1882
"UNITED STATES Oregon";"Sturnus vulgaris";1889
"UNITED STATES Oregon";"Alectoris chukar";1951
"UNITED STATES Oregon";"Branta canadensis";2008
"UNITED STATES Oregon";"Callipepla californica";1865
"UNITED STATES Pennsylvania";"Columba livia";1900
"UNITED STATES Pennsylvania";"Myiopsitta monachus";1970
"UNITED STATES Pennsylvania";"Passer domesticus";1865
"UNITED STATES Pennsylvania";"Phasianus colchicus";1892
"UNITED STATES Pennsylvania";"Streptopelia decaocto";1996
"UNITED STATES Pennsylvania";"Sturnus vulgaris";1908
"UNITED STATES Rhode Island";"Columba livia";1900
"UNITED STATES Rhode Island";"Cygnus olor";1955
"UNITED STATES Rhode Island";"Myiopsitta monachus";1998
"UNITED STATES Rhode Island";"Passer domesticus";1855
"UNITED STATES Rhode Island";"Phasianus colchicus";1894
"UNITED STATES Rhode Island";"Sturnus vulgaris";1952
"UNITED STATES South Carolina";"Francolinus francolinus";1961
"UNITED STATES South Carolina";"Columba livia";1900
"UNITED STATES South Carolina";"Myiopsitta monachus";1998
"UNITED STATES South Carolina";"Passer domesticus";1865
"UNITED STATES South Carolina";"Phasianus colchicus";1928
"UNITED STATES South Carolina";"Streptopelia decaocto";1979
"UNITED STATES South Carolina";"Sturnus vulgaris";1925
"UNITED STATES South Dakota";"Columba livia";1900
"UNITED STATES South Dakota";"Passer domesticus";1898
"UNITED STATES South Dakota";"Perdix perdix";1928
"UNITED STATES South Dakota";"Phasianus colchicus";1891
"UNITED STATES South Dakota";"Sturnus vulgaris";1933
"UNITED STATES South Dakota";"Alectoris chukar";1941
"UNITED STATES Tennessee";"Columba livia";1900
"UNITED STATES Tennessee";"Passer domesticus";1865
"UNITED STATES Tennessee";"Phasianus colchicus";1928
"UNITED STATES Tennessee";"Phasianus versicolor";1960
"UNITED STATES Tennessee";"Sturnus vulgaris";1952
"UNITED STATES Texas";"Cairina moschata";2005
"UNITED STATES Texas";"Amazona viridigenalis";1925
"UNITED STATES Texas";"Aratinga holochlora";1955
"UNITED STATES Texas";"Streptopelia roseogrisea";2005
"UNITED STATES Texas";"Columba livia";1900
"UNITED STATES Texas";"Myiopsitta monachus";1973
"UNITED STATES Texas";"Passer domesticus";1865
"UNITED STATES Texas";"Phasianus colchicus";1928
"UNITED STATES Texas";"Streptopelia decaocto";1979
"UNITED STATES Texas";"Streptopelia risoria";1988
"UNITED STATES Texas";"Sturnus vulgaris";1926
"UNITED STATES Texas";"Alectoris chukar";1941
"UNITED STATES Utah";"Callipepla californica";1869
"UNITED STATES Utah";"Callipepla squamata";2010
"UNITED STATES Utah";"Columba livia";1900
"UNITED STATES Utah";"Lagopus leucura";1987
"UNITED STATES Utah";"Passer domesticus";1873
"UNITED STATES Utah";"Perdix perdix";1911
"UNITED STATES Utah";"Phasianus colchicus";1890
"UNITED STATES Utah";"Sturnus vulgaris";1939
"UNITED STATES Utah";"Alectoris chukar";1942
"UNITED STATES Vermont";"Nandayus nenday";1974
"UNITED STATES Vermont";"Columba livia";1900
"UNITED STATES Vermont";"Passer domesticus";1870
"UNITED STATES Vermont";"Perdix perdix";1998
"UNITED STATES Vermont";"Phasianus colchicus";1928
"UNITED STATES Vermont";"Sturnus vulgaris";1952
"UNITED STATES Vermont";"Branta canadensis";2008
"UNITED STATES Virginia";"Psittacula krameri";1963
"UNITED STATES Virginia";"Columba livia";1621
"UNITED STATES Virginia";"Cygnus olor";2005
"UNITED STATES Virginia";"Myiopsitta monachus";1998
"UNITED STATES Virginia";"Passer domesticus";1855
"UNITED STATES Virginia";"Passer montanus";1959
"UNITED STATES Virginia";"Phasianus colchicus";1810
"UNITED STATES Virginia";"Phasianus versicolor";1960
"UNITED STATES Virginia";"Sturnus vulgaris";1952
"UNITED STATES Washington";"Acridotheres cristatellus";1925
"UNITED STATES Washington";"Alauda arvensis";1960
"UNITED STATES Washington";"Callipepla squamata";1981
"UNITED STATES Washington";"Columba livia";1900
"UNITED STATES Washington";"Colinus virginianus";1865
"UNITED STATES Washington";"Cygnus buccinator";1964
"UNITED STATES Washington";"Oreortyx pictus";1850
"UNITED STATES Washington";"Passer domesticus";1890
"UNITED STATES Washington";"Phasianus colchicus";1883
"UNITED STATES Washington";"Phasianus versicolor";1883
"UNITED STATES Washington";"Sturnus vulgaris";1943
"UNITED STATES Washington";"Alectoris chukar";1941
"UNITED STATES Washington";"Callipepla californica";1865
"UNITED STATES West Virginia";"Columba livia";1900
"UNITED STATES West Virginia";"Cygnus olor";2010
"UNITED STATES West Virginia";"Passer domesticus";1870
"UNITED STATES West Virginia";"Phasianus colchicus";1928
"UNITED STATES West Virginia";"Sturnus vulgaris";1952
"UNITED STATES Wisconsin";"Columba livia";1900
"UNITED STATES Wisconsin";"Cygnus olor";2005
"UNITED STATES Wisconsin";"Myiopsitta monachus";1985
"UNITED STATES Wisconsin";"Passer domesticus";1870
"UNITED STATES Wisconsin";"Passer montanus";1995
"UNITED STATES Wisconsin";"Phasianus colchicus";1928
"UNITED STATES Wisconsin";"Sturnus vulgaris";1952
"UNITED STATES Wyoming";"Columba livia";1900
"UNITED STATES Wyoming";"Colinus virginianus";1865
"UNITED STATES Wyoming";"Passer domesticus";1910
"UNITED STATES Wyoming";"Perdix perdix";1928
"UNITED STATES Wyoming";"Phasianus colchicus";1928
"UNITED STATES Wyoming";"Sturnus vulgaris";1937
"UNITED STATES Wyoming";"Alectoris chukar";1941
"URUGUAY";"Carduelis carduelis";1960
"URUGUAY";"Carduelis chloris";1908
"URUGUAY";"Passer domesticus";1890
"URUGUAY";"Columba livia";1996
"UZBEKISTAN";"Acridotheres tristis";1965
"UZBEKISTAN";"Columba livia";1996
"VANUATU";"Acridotheres tristis";1885
"VANUATU";"Amandava amandava";1988
"VANUATU";"Estrilda astrild";1971
"VANUATU";"Lonchura atricapilla";2010
"VANUATU";"Lonchura castaneothorax";1972
"VANUATU";"Lonchura malacca";1960
"VANUATU";"Passer domesticus";1957
"VENEZUELA";"Padda oryzivora";1996
"VENEZUELA";"Passer domesticus";1996
"VENEZUELA";"Psittacula krameri";1996
"VENEZUELA";"Columba livia";2005
"VIETNAM";"Padda oryzivora";1925
"VIETNAM";"Columba livia";1996
"VIRGIN ISLANDS, U.S";"Amazona ventralis";1998
"VIRGIN ISLANDS, U.S";"Aratinga pertinax";1800
"VIRGIN ISLANDS, U.S";"Colinus cristatus";1994
"VIRGIN ISLANDS, U.S";"Estrilda troglodytes";1998
"VIRGIN ISLANDS, U.S";"Euplectes franciscanus";1998
"VIRGIN ISLANDS, U.S";"Icterus icterus";1955
"VIRGIN ISLANDS, U.S";"Lonchura cucullata";1998
"VIRGIN ISLANDS, U.S";"Lonchura malabarica";1998
"VIRGIN ISLANDS, U.S";"Lonchura punctulata";1980
"VIRGIN ISLANDS, U.S";"Mimus polyglottos";1916
"VIRGIN ISLANDS, U.S";"Myiopsitta monachus";1998
"VIRGIN ISLANDS, U.S";"Nandayus nenday";1998
"VIRGIN ISLANDS, U.S";"Numida meleagris";1998
"VIRGIN ISLANDS, U.S";"Passer domesticus";1980
"VIRGIN ISLANDS, U.S";"Stigmatopelia chinensis";2010
"VIRGIN ISLANDS, U.S";"Sturnus vulgaris";1982
"VIRGIN ISLANDS, U.S";"Colinus virginianus";1994
"VIRGIN ISLANDS, U.S";"Columba livia";1981
"WALLIS AND FUTUNA";"Acridotheres fuscus";2007
"WALLIS AND FUTUNA";"Lonchura castaneothorax";2007
"WESTERN SAHARA";"Columba livia";1996
"YEMEN";"Corvus splendens";1845
"YEMEN";"Psittacula krameri";1981
"YEMEN";"Stigmatopelia senegalensis";2005
"YEMEN";"Columba livia";1996
"ZAMBIA";"Agapornis lilianae";1981
"ZAMBIA";"Passer domesticus";1965
"ZAMBIA";"Columba livia";2005
"ZIMBABWE";"Passer domesticus";1956
"ZIMBABWE";"Columba livia";2005
