"Species";"Group"
"Acris crepitans";"Amphibia"
"Acrochordus javanicus";"Reptilia"
"Actinemys marmorata";"Reptilia"
"Actinemys marmorata";"Reptilia"
"Afrogecko porphyreus";"Reptilia"
"Agama agama";"Reptilia"
"Agama agama";"Reptilia"
"Agama agama";"Reptilia"
"Agama agama";"Reptilia"
"Agama agama";"Reptilia"
"Agama agama";"Reptilia"
"Agkistrodon piscivorus";"Reptilia"
"Agkistrodon piscivorus";"Reptilia"
"Agkistrodon piscivorus";"Reptilia"
"Aldabrachelys gigantea";"Reptilia"
"Aldabrachelys gigantea";"Reptilia"
"Aldabrachelys gigantea";"Reptilia"
"Alligator mississippiensis";"Reptilia"
"Alligator mississippiensis";"Reptilia"
"Alligator mississippiensis";"Reptilia"
"Alligator mississippiensis";"Reptilia"
"Alligator mississippiensis";"Reptilia"
"Alligator mississippiensis";"Reptilia"
"Alligator mississippiensis";"Reptilia"
"Alligator mississippiensis";"Reptilia"
"Alsophis rufiventris";"Reptilia"
"Alytes obstetricans";"Amphibia"
"Alytes obstetricans";"Amphibia"
"Alytes obstetricans";"Amphibia"
"Amblyrhynchus cristatus";"Reptilia"
"Ambystoma macrodactylum";"Amphibia"
"Ambystoma mexicanum";"Amphibia"
"Ambystoma mexicanum";"Amphibia"
"Ambystoma mexicanum";"Amphibia"
"Ambystoma tigrinum";"Amphibia"
"Ambystoma tigrinum";"Amphibia"
"Ambystoma tigrinum";"Amphibia"
"Ambystoma tigrinum";"Amphibia"
"Ambystoma tigrinum";"Amphibia"
"Ambystoma tigrinum";"Amphibia"
"Ambystoma tigrinum";"Amphibia"
"Ambystoma tigrinum";"Amphibia"
"Ambystoma tremblayi";"Amphibia"
"Ameiva ameiva";"Reptilia"
"Ameiva ameiva";"Reptilia"
"Ameiva exsul";"Reptilia"
"Amietophrynus gutturalis";"Amphibia"
"Amietophrynus gutturalis";"Amphibia"
"Amietophrynus gutturalis";"Amphibia"
"Amietophrynus gutturalis";"Amphibia"
"Amietophrynus regularis";"Amphibia"
"Amietophrynus regularis";"Amphibia"
"Amphisbaena fuliginosa";"Reptilia"
"Amphisbaena fuliginosa";"Reptilia"
"Amphisbaena fuliginosa";"Reptilia"
"Amyda cartilaginea";"Reptilia"
"Anaxyrus americanus ";"Amphibia"
"Anaxyrus americanus ";"Amphibia"
"Anaxyrus boreas";"Amphibia"
"Anaxyrus fowleri";"Amphibia"
"Andrias davidianus";"Amphibia"
"Andrias japonicus";"Amphibia"
"Aneides vagrans";"Amphibia"
"Aneides vagrans";"Amphibia"
"Anguis fragilis";"Reptilia"
"Anolis aeneus";"Reptilia"
"Anolis baleatus";"Reptilia"
"Anolis bimaculatus";"Reptilia"
"Anolis carolinensis";"Reptilia"
"Anolis carolinensis";"Reptilia"
"Anolis carolinensis";"Reptilia"
"Anolis carolinensis";"Reptilia"
"Anolis carolinensis";"Reptilia"
"Anolis carolinensis";"Reptilia"
"Anolis carolinensis";"Reptilia"
"Anolis carolinensis";"Reptilia"
"Anolis carolinensis";"Reptilia"
"Anolis carolinensis";"Reptilia"
"Anolis carolinensis";"Reptilia"
"Anolis carolinensis";"Reptilia"
"Anolis carolinensis";"Reptilia"
"Anolis carolinensis";"Reptilia"
"Anolis carolinensis";"Reptilia"
"Anolis carolinensis";"Reptilia"
"Anolis carolinensis";"Reptilia"
"Anolis carolinensis";"Reptilia"
"Anolis carolinensis";"Reptilia"
"Anolis chlorocyanus";"Reptilia"
"Anolis chlorocyanus";"Reptilia"
"Anolis chlorocyanus";"Reptilia"
"Anolis conspersus";"Reptilia"
"Anolis cristatellus";"Reptilia"
"Anolis cristatellus";"Reptilia"
"Anolis cristatellus";"Reptilia"
"Anolis cristatellus";"Reptilia"
"Anolis cristatellus";"Reptilia"
"Anolis cristatellus";"Reptilia"
"Anolis cristatellus";"Reptilia"
"Anolis cybotes";"Reptilia"
"Anolis cybotes";"Reptilia"
"Anolis cybotes";"Reptilia"
"Anolis distichus";"Reptilia"
"Anolis distichus";"Reptilia"
"Anolis distichus";"Reptilia"
"Anolis distichus";"Reptilia"
"Anolis equestris";"Reptilia"
"Anolis equestris";"Reptilia"
"Anolis equestris";"Reptilia"
"Anolis extremus";"Reptilia"
"Anolis extremus";"Reptilia"
"Anolis extremus";"Reptilia"
"Anolis extremus";"Reptilia"
"Anolis extremus";"Reptilia"
"Anolis extremus";"Reptilia"
"Anolis ferreus";"Reptilia"
"Anolis garmani";"Reptilia"
"Anolis garmani";"Reptilia"
"Anolis garmani";"Reptilia"
"Anolis grahami";"Reptilia"
"Anolis leachii";"Reptilia"
"Anolis leachii";"Reptilia"
"Anolis lineatus";"Reptilia"
"Anolis lucius";"Reptilia"
"Anolis marmoratus";"Reptilia"
"Anolis maynardi";"Reptilia"
"Anolis porcatus";"Reptilia"
"Anolis porcatus";"Reptilia"
"Anolis porcatus";"Reptilia"
"Anolis porcatus";"Reptilia"
"Anolis pulchellus";"Reptilia"
"Anolis richardii";"Reptilia"
"Anolis richardii";"Reptilia"
"Anolis roquet";"Reptilia"
"Anolis trinitatis";"Reptilia"
"Anolis wattsi";"Reptilia"
"Anolis wattsi";"Reptilia"
"Anolis wattsi";"Reptilia"
"Apalone ferox";"Reptilia"
"Apalone ferox";"Reptilia"
"Apalone ferox";"Reptilia"
"Apalone spinifera";"Reptilia"
"Apalone spinifera";"Reptilia"
"Apalone spinifera";"Reptilia"
"Apalone spinifera";"Reptilia"
"Apalone spinifera";"Reptilia"
"Apalone spinifera";"Reptilia"
"Apalone spinifera";"Reptilia"
"Apalone spinifera";"Reptilia"
"Apalone spinifera";"Reptilia"
"Apalone spinifera";"Reptilia"
"Apalone spinifera";"Reptilia"
"Apalone spinifera";"Reptilia"
"Apalone spinifera";"Reptilia"
"Apalone spinifera";"Reptilia"
"Aspidoscelis motaguae";"Reptilia"
"Aspidoscelis motaguae";"Reptilia"
"Aspidoscelis neomexicana";"Reptilia"
"Aspidoscelis neomexicana";"Reptilia"
"Aspidoscelis neotesselata";"Reptilia"
"Aspidoscelis velox";"Reptilia"
"Astrochelys radiata";"Reptilia"
"Astrochelys radiata";"Reptilia"
"Atelopus zeteki";"Amphibia"
"Basiliscus basiliscus";"Reptilia"
"Basiliscus plumifrons";"Reptilia"
"Basiliscus plumifrons";"Reptilia"
"Basiliscus vittatus";"Reptilia"
"Basiliscus vittatus";"Reptilia"
"Boa constrictor";"Reptilia"
"Boa constrictor";"Reptilia"
"Boa constrictor";"Reptilia"
"Boa constrictor";"Reptilia"
"Boa constrictor";"Reptilia"
"Boa constrictor";"Reptilia"
"Boa constrictor";"Reptilia"
"Boa constrictor";"Reptilia"
"Boa constrictor";"Reptilia"
"Boa constrictor";"Reptilia"
"Boa constrictor";"Reptilia"
"Boa constrictor";"Reptilia"
"Boa constrictor";"Reptilia"
"Boa constrictor";"Reptilia"
"Boa constrictor";"Reptilia"
"Boa constrictor";"Reptilia"
"Boa constrictor";"Reptilia"
"Boa constrictor";"Reptilia"
"Boa constrictor";"Reptilia"
"Boaedon fuliginosus";"Reptilia"
"Boaedon fuliginosus";"Reptilia"
"Boiga irregularis";"Reptilia"
"Boiga irregularis";"Reptilia"
"Boiga irregularis";"Reptilia"
"Boiga irregularis";"Reptilia"
"Boiga irregularis";"Reptilia"
"Boiga irregularis";"Reptilia"
"Boiga irregularis";"Reptilia"
"Boiga irregularis";"Reptilia"
"Boiga irregularis";"Reptilia"
"Boiga irregularis";"Reptilia"
"Boiga irregularis";"Reptilia"
"Bolitoglossa rufescens";"Amphibia"
"Bombina bombina";"Amphibia"
"Bombina variegata";"Amphibia"
"Bothriechis schlegelii";"Reptilia"
"Bothriechis schlegelii";"Reptilia"
"Brachylophus bulabula";"Reptilia"
"Brachylophus fasciatus";"Reptilia"
"Bradypodion pumilum";"Reptilia"
"Bufo bufo";"Amphibia"
"Bufo dhufarensis";"Amphibia"
"Bufo gargarizans";"Amphibia"
"Bufo mauritanicus";"Amphibia"
"Bufo mauritanicus";"Amphibia"
"Bufo stomaticus";"Amphibia"
"Bufotes viridis";"Amphibia"
"Bungarus fasciatus";"Reptilia"
"Bungarus fasciatus";"Reptilia"
"Caiman crocodilus";"Reptilia"
"Caiman crocodilus";"Reptilia"
"Caiman crocodilus";"Reptilia"
"Caiman crocodilus";"Reptilia"
"Caiman crocodilus";"Reptilia"
"Caiman crocodilus";"Reptilia"
"Caiman crocodilus";"Reptilia"
"Caiman crocodilus";"Reptilia"
"Caiman crocodilus";"Reptilia"
"Caiman crocodilus";"Reptilia"
"Caiman crocodilus";"Reptilia"
"Caiman crocodilus";"Reptilia"
"Calotes mystaceus";"Reptilia"
"Calotes mystaceus";"Reptilia"
"Calotes versicolor";"Reptilia"
"Calotes versicolor";"Reptilia"
"Calotes versicolor";"Reptilia"
"Calotes versicolor";"Reptilia"
"Calotes versicolor";"Reptilia"
"Calotes versicolor";"Reptilia"
"Calotes versicolor";"Reptilia"
"Calotes versicolor";"Reptilia"
"Calotes versicolor";"Reptilia"
"Calotes versicolor";"Reptilia"
"Calotes versicolor";"Reptilia"
"Calotes versicolor";"Reptilia"
"Candoia bibroni";"Reptilia"
"Carlia ailanpalai";"Reptilia"
"Carlia ailanpalai";"Reptilia"
"Carlia ailanpalai";"Reptilia"
"Carlia schmeltzii";"Reptilia"
"Carlia tutela";"Reptilia"
"Carphophis amoenus";"Reptilia"
"Centrochelys sulcata";"Reptilia"
"Chalcides chalcides";"Reptilia"
"Chalcides ocellatus";"Reptilia"
"Chalcides ocellatus";"Reptilia"
"Chalcides ocellatus";"Reptilia"
"Chalcides ocellatus";"Reptilia"
"Chalcides ocellatus";"Reptilia"
"Chalcides ocellatus";"Reptilia"
"Chalcides ocellatus";"Reptilia"
"Chalcides ocellatus";"Reptilia"
"Chalcides ocellatus";"Reptilia"
"Chalcides viridanus";"Reptilia"
"Chamaeleo africanus";"Reptilia"
"Chamaeleo africanus";"Reptilia"
"Chamaeleo calyptratus";"Reptilia"
"Chamaeleo calyptratus";"Reptilia"
"Chamaeleo calyptratus";"Reptilia"
"Chamaeleo chamaeleon";"Reptilia"
"Chamaeleo chamaeleon";"Reptilia"
"Chamaeleo chamaeleon";"Reptilia"
"Chamaeleo chamaeleon";"Reptilia"
"Chamaeleo chamaeleon";"Reptilia"
"Chamaeleo chamaeleon";"Reptilia"
"Chamaeleo chamaeleon";"Reptilia"
"Chamaeleo chamaeleon";"Reptilia"
"Chamaeleo gracilis";"Reptilia"
"Chamaeleo jacksonii";"Reptilia"
"Chamaeleo jacksonii";"Reptilia"
"Chamaeleo jacksonii";"Reptilia"
"Chamaeleo jacksonii";"Reptilia"
"Chamaeleo melleri";"Reptilia"
"Chamaeleon jacksonii";"Reptilia"
"Chamaeleon jacksonii";"Reptilia"
"Chamaeleon jacksonii";"Reptilia"
"Chelodina expansa";"Reptilia"
"Chelodina longicollis";"Reptilia"
"Chelodina longicollis";"Reptilia"
"Chelodina longicollis";"Reptilia"
"Chelonoidis carbonarius";"Reptilia"
"Chelonoidis carbonarius";"Reptilia"
"Chelonoidis carbonarius";"Reptilia"
"Chelonoidis carbonarius";"Reptilia"
"Chelonoidis carbonarius";"Reptilia"
"Chelonoidis carbonarius";"Reptilia"
"Chelonoidis carbonarius";"Reptilia"
"Chelonoidis carbonarius";"Reptilia"
"Chelonoidis denticulata";"Reptilia"
"Chelonoidis denticulata";"Reptilia"
"Chelus fimbriatus";"Reptilia"
"Chelydra serpentina";"Reptilia"
"Chelydra serpentina";"Reptilia"
"Chelydra serpentina";"Reptilia"
"Chelydra serpentina";"Reptilia"
"Chelydra serpentina";"Reptilia"
"Chelydra serpentina";"Reptilia"
"Chelydra serpentina";"Reptilia"
"Chelydra serpentina";"Reptilia"
"Chelydra serpentina";"Reptilia"
"Chelydra serpentina";"Reptilia"
"Chelydra serpentina";"Reptilia"
"Chelydra serpentina";"Reptilia"
"Chelydra serpentina";"Reptilia"
"Chelydra serpentina";"Reptilia"
"Chersina angulata";"Reptilia"
"Chondrodactylus bibronii";"Reptilia"
"Chondrodactylus bibronii";"Reptilia"
"Chondrodactylus bibronii";"Reptilia"
"Chondrodactylus bibronii";"Reptilia"
"Christinus marmoratus";"Reptilia"
"Chrysemys picta";"Reptilia"
"Chrysemys picta";"Reptilia"
"Chrysemys picta";"Reptilia"
"Chrysemys picta";"Reptilia"
"Chrysemys picta";"Reptilia"
"Chrysemys picta";"Reptilia"
"Chrysemys picta";"Reptilia"
"Chrysemys picta";"Reptilia"
"Chrysemys picta";"Reptilia"
"Chrysemys picta";"Reptilia"
"Clemmys guttata";"Reptilia"
"Cnemidophorus lemniscatus";"Reptilia"
"Cnemidophorus lemniscatus";"Reptilia"
"Cnemidophorus lemniscatus";"Reptilia"
"Cnemidophorus lemniscatus";"Reptilia"
"Coluber constrictor";"Reptilia"
"Cophixalus ornatus";"Amphibia"
"Corallus annulatus";"Reptilia"
"Corallus caninus";"Reptilia"
"Corallus caninus";"Reptilia"
"Corallus hortulanus";"Reptilia"
"Cordylus cordylus";"Reptilia"
"Cordylus giganteus";"Reptilia"
"Cordylus jonesii";"Reptilia"
"Coronella austriaca";"Reptilia"
"Crinia signifera";"Amphibia"
"Crocodylus acutus";"Reptilia"
"Crocodylus niloticus";"Reptilia"
"Crocodylus niloticus";"Reptilia"
"Crotalus adamanteus";"Reptilia"
"Crotalus adamanteus";"Reptilia"
"Crotalus atrox";"Reptilia"
"Crotalus atrox";"Reptilia"
"Crotalus horridus";"Reptilia"
"Crotalus horridus";"Reptilia"
"Crotalus scutulatus";"Reptilia"
"Crotalus viridis";"Reptilia"
"Crotalus viridis";"Reptilia"
"Crotalus viridis";"Reptilia"
"Crotalus viridis";"Reptilia"
"Crotalus viridis";"Reptilia"
"Crotaphytus collaris";"Reptilia"
"Crotaphytus collaris";"Amphibia"
"Cryptoblepharus plagiocephalus";"Reptilia"
"Cryptoblepharus plagiocephalus";"Reptilia"
"Cryptoblepharus poecilopleurus";"Reptilia"
"Cryptoblepharus poecilopleurus";"Reptilia"
"Cryptoblepharus poecilopleurus";"Reptilia"
"Cryptoblepharus poecilopleurus";"Reptilia"
"Cryptoblepharus virgatus";"Reptilia"
"Cryptoblepharus virgatus";"Reptilia"
"Cryptobranchus alleganiensis";"Amphibia"
"Cryptophis nigrescens";"Reptilia"
"Ctenosaura hemilopha";"Reptilia"
"Ctenosaura pectinata";"Reptilia"
"Ctenosaura pectinata";"Reptilia"
"Ctenosaura pectinata";"Reptilia"
"Ctenosaura similis";"Reptilia"
"Ctenosaura similis";"Reptilia"
"Cuora amboinensis";"Reptilia"
"Cuora amboinensis";"Reptilia"
"Cuora flavomarginata";"Reptilia"
"Cuora flavomarginata";"Reptilia"
"Cuora flavomarginata";"Reptilia"
"Cuora trifasciata";"Reptilia"
"Cuora trifasciata";"Reptilia"
"Cyclura cornuta";"Reptilia"
"Cyclura cornuta";"Reptilia"
"Cyclura nubila";"Reptilia"
"Cyclura nubila";"Reptilia"
"Cynops pyrrhogaster";"Amphibia"
"Cynops pyrrhogaster";"Amphibia"
"Cyrtopodion caspium";"Reptilia"
"Cyrtopodion kotschyi";"Reptilia"
"Cyrtopodion kotschyi";"Reptilia"
"Cyrtopodion kotschyi";"Reptilia"
"Cyrtopodion scabrum";"Reptilia"
"Cyrtopodion scabrum";"Reptilia"
"Cyrtopodion scabrum";"Reptilia"
"Cyrtopodion scabrum";"Reptilia"
"Cyrtopodion scabrum ";"Reptilia"
"Darevskia armeniaca";"Reptilia"
"Darevskia dahli";"Reptilia"
"Darevskia mixta";"Reptilia"
"Darevskia valentini";"Reptilia"
"Deirochelys reticularia";"Reptilia"
"Dendrelaphis caudolineatus";"Reptilia"
"Dendrelaphis punctulatus";"Reptilia"
"Dendrelaphis punctulatus";"Reptilia"
"Dendrobates auratus";"Amphibia"
"Desmognathus fuscus";"Amphibia"
"Desmognathus fuscus";"Amphibia"
"Desmognathus monticola";"Amphibia"
"Desmognathus quadramaculatus";"Amphibia"
"Diadophis punctatus";"Reptilia"
"Diadophis punctatus";"Reptilia"
"Diadophis punctatus";"Reptilia"
"Diplodactylus ciliaris";"Reptilia"
"Discoglossus pictus";"Amphibia"
"Discoglossus pictus";"Amphibia"
"Discoglossus pictus";"Amphibia"
"Discoglossus pictus";"Amphibia"
"Drymarchon corais";"Reptilia"
"Drymarchon corais";"Reptilia"
"Drymarchon corais";"Reptilia"
"Duttaphrynus melanostictus";"Amphibia"
"Duttaphrynus melanostictus";"Amphibia"
"Duttaphrynus melanostictus";"Amphibia"
"Duttaphrynus melanostictus";"Amphibia"
"Duttaphrynus melanostictus";"Amphibia"
"Duttaphrynus melanostictus";"Amphibia"
"Ebenavia inunguis";"Reptilia"
"Egernia cunninghami";"Reptilia"
"Egernia depressa";"Reptilia"
"Egernia depressa";"Reptilia"
"Egernia formosa";"Reptilia"
"Egernia stokesii";"Reptilia"
"Elaphe guttata";"Reptilia"
"Elaphe guttata";"Reptilia"
"Elaphe guttata";"Reptilia"
"Elaphe guttata";"Reptilia"
"Elaphe guttata";"Reptilia"
"Elaphe guttata";"Reptilia"
"Elaphe guttata";"Reptilia"
"Elaphe guttata";"Reptilia"
"Elaphe guttata";"Reptilia"
"Elaphe guttata";"Reptilia"
"Elaphe guttata";"Reptilia"
"Elaphe guttata";"Reptilia"
"Elaphe guttata";"Reptilia"
"Elaphe guttata";"Reptilia"
"Elaphe guttata";"Reptilia"
"Elaphe guttata";"Reptilia"
"Elaphe guttata";"Reptilia"
"Elaphe guttata";"Reptilia"
"Elaphe guttata";"Reptilia"
"Elaphe guttata";"Reptilia"
"Elaphe guttata";"Reptilia"
"Elaphe guttata";"Reptilia"
"Elaphe guttata";"Reptilia"
"Elaphe longissima";"Reptilia"
"Elaphe longissima";"Reptilia"
"Elaphe longissima";"Reptilia"
"Elaphe longissima";"Reptilia"
"Elaphe obsoleta";"Reptilia"
"Elaphe obsoleta";"Reptilia"
"Elaphe obsoleta";"Reptilia"
"Elaphe obsoleta";"Reptilia"
"Elaphe obsoleta";"Reptilia"
"Elaphe quadrivirgata";"Reptilia"
"Elaphe schrenckii";"Reptilia"
"Elaphe taeniura";"Reptilia"
"Elaphe taeniura";"Reptilia"
"Eleutherodactylus antillensis";"Amphibia"
"Eleutherodactylus antillensis";"Amphibia"
"Eleutherodactylus cochranae";"Amphibia"
"Eleutherodactylus coqui";"Amphibia"
"Eleutherodactylus coqui";"Amphibia"
"Eleutherodactylus coqui";"Amphibia"
"Eleutherodactylus coqui";"Amphibia"
"Eleutherodactylus coqui";"Amphibia"
"Eleutherodactylus coqui";"Amphibia"
"Eleutherodactylus coqui";"Amphibia"
"Eleutherodactylus coqui";"Amphibia"
"Eleutherodactylus coqui";"Amphibia"
"Eleutherodactylus coqui";"Amphibia"
"Eleutherodactylus coqui";"Amphibia"
"Eleutherodactylus cystignathoides";"Amphibia"
"Eleutherodactylus cystignathoides";"Amphibia"
"Eleutherodactylus gossei";"Amphibia"
"Eleutherodactylus johnstonei";"Amphibia"
"Eleutherodactylus johnstonei";"Amphibia"
"Eleutherodactylus johnstonei";"Amphibia"
"Eleutherodactylus johnstonei";"Amphibia"
"Eleutherodactylus johnstonei";"Amphibia"
"Eleutherodactylus johnstonei";"Amphibia"
"Eleutherodactylus johnstonei";"Amphibia"
"Eleutherodactylus johnstonei";"Amphibia"
"Eleutherodactylus johnstonei";"Amphibia"
"Eleutherodactylus johnstonei";"Amphibia"
"Eleutherodactylus johnstonei";"Amphibia"
"Eleutherodactylus johnstonei";"Amphibia"
"Eleutherodactylus johnstonei";"Amphibia"
"Eleutherodactylus johnstonei";"Amphibia"
"Eleutherodactylus johnstonei";"Amphibia"
"Eleutherodactylus johnstonei";"Amphibia"
"Eleutherodactylus johnstonei";"Amphibia"
"Eleutherodactylus johnstonei";"Amphibia"
"Eleutherodactylus johnstonei";"Amphibia"
"Eleutherodactylus johnstonei";"Amphibia"
"Eleutherodactylus johnstonei";"Amphibia"
"Eleutherodactylus johnstonei";"Amphibia"
"Eleutherodactylus johnstonei";"Amphibia"
"Eleutherodactylus martinicensis";"Amphibia"
"Eleutherodactylus martinicensis";"Amphibia"
"Eleutherodactylus martinicensis";"Amphibia"
"Eleutherodactylus martinicensis";"Amphibia"
"Eleutherodactylus martinicensis";"Amphibia"
"Eleutherodactylus martinicensis";"Amphibia"
"Eleutherodactylus planirostris";"Amphibia"
"Eleutherodactylus planirostris";"Amphibia"
"Eleutherodactylus planirostris";"Amphibia"
"Eleutherodactylus planirostris";"Reptilia"
"Eleutherodactylus planirostris";"Amphibia"
"Eleutherodactylus planirostris";"Amphibia"
"Eleutherodactylus planirostris";"Amphibia"
"Eleutherodactylus planirostris";"Amphibia"
"Eleutherodactylus planirostris";"Amphibia"
"Eleutherodactylus planirostris";"Amphibia"
"Eleutherodactylus planirostris";"Amphibia"
"Eleutherodactylus planirostris";"Amphibia"
"Eleutherodactylus planirostris";"Amphibia"
"Elgaria multicarinata";"Reptilia"
"Elgaria multicarinata";"Reptilia"
"Elseya dentata";"Reptilia"
"Elseya latisternum";"Reptilia"
"Elusor macrurus";"Reptilia"
"Emoia adspersa";"Reptilia"
"Emoia cyanura";"Reptilia"
"Emoia cyanura";"Reptilia"
"Emoia cyanura";"Reptilia"
"Emoia impar";"Reptilia"
"Emoia impar";"Reptilia"
"Emoia impar";"Reptilia"
"Emoia trossula";"Reptilia"
"Emydoidea blandingi";"Reptilia"
"Emydoidea blandingi";"Reptilia"
"Emydoidea blandingi";"Reptilia"
"Emydura macquarii";"Reptilia"
"Emydura macquarii";"Reptilia"
"Emys orbicularis";"Reptilia"
"Emys orbicularis";"Reptilia"
"Emys orbicularis";"Reptilia"
"Emys orbicularis";"Reptilia"
"Emys orbicularis";"Reptilia"
"Emys orbicularis";"Reptilia"
"Emys orbicularis";"Reptilia"
"Emys orbicularis";"Reptilia"
"Emys orbicularis";"Reptilia"
"Emys orbicularis";"Reptilia"
"Engystomops pustulosus";"Amphibia"
"Epicrates cenchria";"Reptilia"
"Epicrates cenchria";"Reptilia"
"Eulamprus quoyii";"Reptilia"
"Eumeces obsoletus";"Reptilia"
"Eunectes murinus";"Reptilia"
"Eunectes notaeus";"Reptilia"
"Euphlyctis ehrenbergii";"Amphibia"
"Eurycea cirrigera";"Amphibia"
"Eutropis carinata";"Reptilia"
"Eutropis cumingi";"Reptilia"
"Fejervarya cancrivora";"Amphibia"
"Fejervarya limnocharis";"Amphibia"
"Fejervarya verruculosa";"Amphibia"
"Furcifer oustaleti";"Reptilia"
"Furcifer pardalis";"Reptilia"
"Furcifer pardalis";"Reptilia"
"Furcifer pardalis";"Reptilia"
"Furcifer verrucosus";"Reptilia"
"Gallotia caesaris";"Reptilia"
"Gastrophryne carolinensis";"Amphibia"
"Gastrophryne carolinensis";"Amphibia"
"Gehyra dubia";"Reptilia"
"Gehyra mutilata";"Reptilia"
"Gehyra mutilata";"Reptilia"
"Gehyra mutilata";"Reptilia"
"Gehyra mutilata";"Reptilia"
"Gehyra mutilata";"Reptilia"
"Gehyra mutilata";"Reptilia"
"Gehyra mutilata";"Reptilia"
"Gehyra mutilata";"Reptilia"
"Gehyra mutilata";"Reptilia"
"Gehyra mutilata";"Reptilia"
"Gehyra mutilata";"Reptilia"
"Gehyra mutilata";"Reptilia"
"Gehyra mutilata";"Reptilia"
"Gehyra mutilata";"Reptilia"
"Gehyra mutilata";"Reptilia"
"Gehyra mutilata";"Reptilia"
"Gehyra mutilata";"Reptilia"
"Gehyra mutilata";"Reptilia"
"Gehyra mutilata";"Reptilia"
"Gehyra mutilata";"Reptilia"
"Gehyra mutilata";"Reptilia"
"Gehyra mutilata";"Reptilia"
"Gehyra mutilata";"Reptilia"
"Gehyra oceanica";"Reptilia"
"Gehyra oceanica";"Reptilia"
"Gehyra oceanica";"Reptilia"
"Gehyra oceanica";"Reptilia"
"Gehyra variegata";"Reptilia"
"Gekko badenii ";"Reptilia"
"Gekko gecko";"Reptilia"
"Gekko gecko";"Reptilia"
"Gekko gecko";"Reptilia"
"Gekko gecko";"Reptilia"
"Gekko gecko";"Reptilia"
"Gekko gecko";"Reptilia"
"Gekko gecko";"Reptilia"
"Gekko gecko";
"Gekko gecko";"Reptilia"
"Gekko gecko";"Reptilia"
"Gekko gecko";"Reptilia"
"Gekko gecko";"Reptilia"
"Gekko monarchus";"Reptilia"
"Gekko monarchus";"Reptilia"
"Geochelone elegans";"Reptilia"
"Glyptemys insculpta";"Reptilia"
"Glyptemys insculpta";"Reptilia"
"Glyptemys insculpta";"Reptilia"
"Glyptemys muhlenbergii";"Reptilia"
"Glyptemys muhlenbergii";"Reptilia"
"Gonatodes albogularis";"Reptilia"
"Gonatodes albogularis";"Reptilia"
"Gonatodes albogularis";"Reptilia"
"Gonatodes albogularis";"Reptilia"
"Gonatodes albogularis";"Reptilia"
"Gonatodes albogularis";"Reptilia"
"Gonatodes albogularis";"Reptilia"
"Gonatodes albogularis";"Reptilia"
"Gonatodes antillensis";"Reptilia"
"Gonatodes caudiscutatus";"Reptilia"
"Gonatodes vittatus";"Reptilia"
"Gonatodes vittatus";"Reptilia"
"Gonatodes vittatus";"Reptilia"
"Gopherus agassizii";"Reptilia"
"Gopherus agassizii";"Reptilia"
"Gopherus berlandieri";"Reptilia"
"Gopherus berlandieri";"Reptilia"
"Gopherus berlandieri";"Reptilia"
"Gopherus berlandieri";"Reptilia"
"Gopherus berlandieri";"Reptilia"
"Gopherus berlandieri";"Reptilia"
"Gopherus flavomarginatus";"Reptilia"
"Gopherus polyphemus";"Reptilia"
"Gopherus polyphemus";"Reptilia"
"Gopherus polyphemus";"Reptilia"
"Graptemys geographica";"Reptilia"
"Graptemys geographica";"Reptilia"
"Graptemys geographica";"Reptilia"
"Graptemys geographica";"Reptilia"
"Graptemys ouachitensis";"Reptilia"
"Graptemys ouachitensis";"Reptilia"
"Graptemys pseudogeographica";"Reptilia"
"Graptemys pseudogeographica";"Reptilia"
"Graptemys pseudogeographica";"Reptilia"
"Graptemys pseudogeographica";"Reptilia"
"Graptemys pseudogeographica";"Reptilia"
"Graptemys pseudogeographica";"Reptilia"
"Graptemys pseudogeographica";"Reptilia"
"Graptemys pseudogeographica";"Reptilia"
"Graptemys pseudogeographica";"Reptilia"
"Gymnophthalmus underwoodi";"Reptilia"
"Gymnophthalmus underwoodi";"Amphibia"
"Gymnophthalmus underwoodi";"Reptilia"
"Gymnophthalmus underwoodi";"Reptilia"
"Gymnophthalmus underwoodi";"Reptilia"
"Gymnophthalmus underwoodi";"Reptilia"
"Gymnophthalmus underwoodi";"Reptilia"
"Gymnophthalmus underwoodi";"Reptilia"
"Gymnophthalmus underwoodi";"Reptilia"
"Heloderma horridum";"Reptilia"
"Heloderma suspectum";"Reptilia"
"Heloderma suspectum";"Reptilia"
"Hemidactylus angulatus";"Reptilia"
"Hemidactylus angulatus";"Reptilia"
"Hemidactylus brookii";"Reptilia"
"Hemidactylus brookii";"Reptilia"
"Hemidactylus brookii";"Reptilia"
"Hemidactylus brookii";"Reptilia"
"Hemidactylus brookii";"Reptilia"
"Hemidactylus brookii";"Reptilia"
"Hemidactylus brookii";"Reptilia"
"Hemidactylus brookii";"Reptilia"
"Hemidactylus brookii";"Reptilia"
"Hemidactylus brookii";"Reptilia"
"Hemidactylus flaviviridis";"Reptilia"
"Hemidactylus flaviviridis";"Reptilia"
"Hemidactylus flaviviridis";"Reptilia"
"Hemidactylus flaviviridis";"Reptilia"
"Hemidactylus flaviviridis";"Reptilia"
"Hemidactylus flaviviridis";"Reptilia"
"Hemidactylus flaviviridis";"Reptilia"
"Hemidactylus frenatus";"Reptilia"
"Hemidactylus frenatus";"Reptilia"
"Hemidactylus frenatus";"Reptilia"
"Hemidactylus frenatus";"Reptilia"
"Hemidactylus frenatus";"Reptilia"
"Hemidactylus frenatus";"Reptilia"
"Hemidactylus frenatus";"Reptilia"
"Hemidactylus frenatus";"Reptilia"
"Hemidactylus frenatus";"Reptilia"
"Hemidactylus frenatus";"Reptilia"
"Hemidactylus frenatus";"Reptilia"
"Hemidactylus frenatus";"Reptilia"
"Hemidactylus frenatus";"Reptilia"
"Hemidactylus frenatus";"Reptilia"
"Hemidactylus frenatus";"Reptilia"
"Hemidactylus frenatus";"Reptilia"
"Hemidactylus frenatus";"Reptilia"
"Hemidactylus frenatus";"Reptilia"
"Hemidactylus frenatus";"Reptilia"
"Hemidactylus frenatus";"Reptilia"
"Hemidactylus frenatus";"Reptilia"
"Hemidactylus frenatus";"Reptilia"
"Hemidactylus frenatus";"Reptilia"
"Hemidactylus frenatus";"Reptilia"
"Hemidactylus frenatus";"Reptilia"
"Hemidactylus frenatus";"Reptilia"
"Hemidactylus frenatus";"Reptilia"
"Hemidactylus frenatus";"Reptilia"
"Hemidactylus frenatus";"Reptilia"
"Hemidactylus frenatus";"Reptilia"
"Hemidactylus frenatus";"Reptilia"
"Hemidactylus frenatus";"Reptilia"
"Hemidactylus frenatus";"Reptilia"
"Hemidactylus frenatus";"Reptilia"
"Hemidactylus frenatus";"Reptilia"
"Hemidactylus frenatus";"Reptilia"
"Hemidactylus frenatus";"Reptilia"
"Hemidactylus frenatus";"Reptilia"
"Hemidactylus frenatus";"Reptilia"
"Hemidactylus frenatus";"Reptilia"
"Hemidactylus frenatus";"Reptilia"
"Hemidactylus frenatus";"Reptilia"
"Hemidactylus frenatus";"Reptilia"
"Hemidactylus frenatus";"Reptilia"
"Hemidactylus frenatus";"Reptilia"
"Hemidactylus frenatus";"Reptilia"
"Hemidactylus frenatus";"Reptilia"
"Hemidactylus frenatus";"Reptilia"
"Hemidactylus frenatus";"Reptilia"
"Hemidactylus frenatus";"Reptilia"
"Hemidactylus frenatus";"Reptilia"
"Hemidactylus frenatus";"Reptilia"
"Hemidactylus frenatus";"Reptilia"
"Hemidactylus frenatus";"Reptilia"
"Hemidactylus frenatus";"Reptilia"
"Hemidactylus frenatus";"Reptilia"
"Hemidactylus frenatus";"Reptilia"
"Hemidactylus frenatus";"Reptilia"
"Hemidactylus frenatus";"Reptilia"
"Hemidactylus frenatus";"Reptilia"
"Hemidactylus frenatus";"Reptilia"
"Hemidactylus frenatus";"Reptilia"
"Hemidactylus frenatus";"Reptilia"
"Hemidactylus frenatus";"Reptilia"
"Hemidactylus frenatus";"Reptilia"
"Hemidactylus frenatus";"Reptilia"
"Hemidactylus frenatus";"Reptilia"
"Hemidactylus frenatus";"Reptilia"
"Hemidactylus frenatus";"Reptilia"
"Hemidactylus frenatus";"Reptilia"
"Hemidactylus frenatus";"Reptilia"
"Hemidactylus frenatus";"Reptilia"
"Hemidactylus frenatus";"Reptilia"
"Hemidactylus frenatus";"Reptilia"
"Hemidactylus garnotii";"Reptilia"
"Hemidactylus garnotii";"Reptilia"
"Hemidactylus garnotii";"Reptilia"
"Hemidactylus garnotii";"Reptilia"
"Hemidactylus garnotii";"Reptilia"
"Hemidactylus garnotii";
"Hemidactylus garnotii";"Reptilia"
"Hemidactylus garnotii";"Reptilia"
"Hemidactylus garnotii";"Reptilia"
"Hemidactylus garnotii";"Reptilia"
"Hemidactylus garnotii";"Reptilia"
"Hemidactylus garnotii";"Reptilia"
"Hemidactylus garnotii";"Reptilia"
"Hemidactylus haitianus";"Reptilia"
"Hemidactylus haitianus";"Reptilia"
"Hemidactylus haitianus";"Reptilia"
"Hemidactylus haitianus";"Reptilia"
"Hemidactylus leschenaultii";"Reptilia"
"Hemidactylus leschenaultii";"Reptilia"
"Hemidactylus mabouia";"Reptilia"
"Hemidactylus mabouia";"Reptilia"
"Hemidactylus mabouia";"Reptilia"
"Hemidactylus mabouia";"Reptilia"
"Hemidactylus mabouia";"Reptilia"
"Hemidactylus mabouia";"Reptilia"
"Hemidactylus mabouia";"Reptilia"
"Hemidactylus mabouia";"Reptilia"
"Hemidactylus mabouia";"Amphibia"
"Hemidactylus mabouia";"Reptilia"
"Hemidactylus mabouia";"Reptilia"
"Hemidactylus mabouia";"Reptilia"
"Hemidactylus mabouia";"Reptilia"
"Hemidactylus mabouia";"Reptilia"
"Hemidactylus mabouia";"Reptilia"
"Hemidactylus mabouia";"Reptilia"
"Hemidactylus mabouia";"Reptilia"
"Hemidactylus mabouia";"Reptilia"
"Hemidactylus mabouia";"Reptilia"
"Hemidactylus mabouia";"Reptilia"
"Hemidactylus mabouia";"Reptilia"
"Hemidactylus mabouia";"Reptilia"
"Hemidactylus mabouia";"Reptilia"
"Hemidactylus mabouia";"Reptilia"
"Hemidactylus mabouia";"Reptilia"
"Hemidactylus mabouia";"Reptilia"
"Hemidactylus mabouia";"Reptilia"
"Hemidactylus mabouia";"Reptilia"
"Hemidactylus mabouia";"Reptilia"
"Hemidactylus mabouia";"Reptilia"
"Hemidactylus mabouia";"Reptilia"
"Hemidactylus mabouia";"Reptilia"
"Hemidactylus mabouia";"Reptilia"
"Hemidactylus mabouia";"Reptilia"
"Hemidactylus mabouia";"Reptilia"
"Hemidactylus mabouia";"Reptilia"
"Hemidactylus mabouia";"Reptilia"
"Hemidactylus mabouia";"Reptilia"
"Hemidactylus mabouia";"Reptilia"
"Hemidactylus mabouia";"Reptilia"
"Hemidactylus mabouia";"Reptilia"
"Hemidactylus mabouia";"Reptilia"
"Hemidactylus mabouia";"Reptilia"
"Hemidactylus mabouia";"Reptilia"
"Hemidactylus mabouia";"Reptilia"
"Hemidactylus mabouia";"Reptilia"
"Hemidactylus mabouia";"Reptilia"
"Hemidactylus mabouia";"Reptilia"
"Hemidactylus mabouia";"Reptilia"
"Hemidactylus mabouia";"Reptilia"
"Hemidactylus mabouia";"Reptilia"
"Hemidactylus mercatorius";"Reptilia"
"Hemidactylus mercatorius";"Reptilia"
"Hemidactylus mercatorius";"Reptilia"
"Hemidactylus parvimaculatus";"Reptilia"
"Hemidactylus parvimaculatus";"Reptilia"
"Hemidactylus parvimaculatus";"Amphibia"
"Hemidactylus parvimaculatus";"Reptilia"
"Hemidactylus platyurus";"Reptilia"
"Hemidactylus platyurus";"Reptilia"
"Hemidactylus platyurus";"Reptilia"
"Hemidactylus platyurus";"Reptilia"
"Hemidactylus turcicus";"Reptilia"
"Hemidactylus turcicus";"Reptilia"
"Hemidactylus turcicus";"Reptilia"
"Hemidactylus turcicus";"Reptilia"
"Hemidactylus turcicus";"Reptilia"
"Hemidactylus turcicus";"Reptilia"
"Hemidactylus turcicus";"Reptilia"
"Hemidactylus turcicus";"Reptilia"
"Hemidactylus turcicus";"Reptilia"
"Hemidactylus turcicus";"Reptilia"
"Hemidactylus turcicus";"Reptilia"
"Hemidactylus turcicus";"Reptilia"
"Hemidactylus turcicus";"Reptilia"
"Hemidactylus turcicus";"Reptilia"
"Hemidactylus turcicus";"Reptilia"
"Hemidactylus turcicus";"Reptilia"
"Hemidactylus turcicus";"Reptilia"
"Hemidactylus turcicus";"Reptilia"
"Hemidactylus turcicus";"Reptilia"
"Hemidactylus turcicus";"Reptilia"
"Hemidactylus turcicus";"Reptilia"
"Hemidactylus turcicus";"Reptilia"
"Hemidactylus turcicus";"Reptilia"
"Hemidactylus turcicus";"Reptilia"
"Hemidactylus turcicus";"Reptilia"
"Hemidactylus turcicus";"Reptilia"
"Hemidactylus turcicus";"Reptilia"
"Hemidactylus turcicus";"Reptilia"
"Hemidactylus turcicus";"Reptilia"
"Hemidactylus turcicus";"Reptilia"
"Hemidactylus turcicus";"Reptilia"
"Hemidactylus turcicus";"Reptilia"
"Hemidactylus turcicus";"Reptilia"
"Hemidactylus turcicus";"Reptilia"
"Hemidactylus turcicus";"Reptilia"
"Hemidactylus turcicus";"Reptilia"
"Hemidactylus turcicus";"Reptilia"
"Hemidactylus turcicus";"Reptilia"
"Hemidactylus turcicus";"Reptilia"
"Hemidactylus turcicus";"Reptilia"
"Hemidactylus turcicus";"Reptilia"
"Hemidactylus turcicus";"Reptilia"
"Hemidactylus turcicus";"Reptilia"
"Hemidactylus turcicus";"Reptilia"
"Hemidactylus turcicus";"Reptilia"
"Hemiphyllodactylus typus";"Reptilia"
"Hemiphyllodactylus typus";"Reptilia"
"Hemiphyllodactylus typus";"Reptilia"
"Hemiphyllodactylus typus";"Reptilia"
"Hemiphyllodactylus typus";"Reptilia"
"Hemiphyllodactylus typus";"Reptilia"
"Hemiphyllodactylus typus";"Reptilia"
"Hemiphyllodactylus typus";"Reptilia"
"Hemorrhois algirus";"Reptilia"
"Hemorrhois hippocrepis";"Reptilia"
"Hemorrhois hippocrepis";"Reptilia"
"Hemorrhois hippocrepis";"Reptilia"
"Hemorrhois hippocrepis";"Reptilia"
"Heterodon nasicus";"Reptilia"
"Hierophis viridiflavus";"Reptilia"
"Hierophis viridiflavus";"Reptilia"
"Hierophis viridiflavus";"Reptilia"
"Holbrookia maculata";"Reptilia"
"Holbrookia maculata";"Reptilia"
"Homoroselaps lacteus";"Reptilia"
"Hoplobatrachus rugulosus";"Amphibia"
"Hoplobatrachus rugulosus";"Amphibia"
"Hoplobatrachus tigerinus";"Amphibia"
"Hyla cinerea";"Amphibia"
"Hyla cinerea";"Amphibia"
"Hyla cinerea";"Amphibia"
"Hyla cinerea";"Amphibia"
"Hyla cinerea";"Amphibia"
"Hyla cinerea";"Amphibia"
"Hyla gratiosa";"Amphibia"
"Hyla meridionalis";"Amphibia"
"Hyla meridionalis";"Amphibia"
"Hyla meridionalis";"Amphibia"
"Hyla meridionalis";"Amphibia"
"Hyla meridionalis";"Amphibia"
"Hyla meridionalis";"Amphibia"
"Hyla meridionalis";"Amphibia"
"Hyla meridionalis";"Amphibia"
"Hyla meridionalis";"Amphibia"
"Hyla meridionalis";"Amphibia"
"Hyla squirella";"Amphibia"
"Hyla wrightorum";"Amphibia"
"Hylarana erythraea";"Amphibia"
"Hymenochirus boettgeri";"Amphibia"
"Hymenochirus curtipes";"Amphibia"
"Hyperolius marmoratus";"Amphibia"
"Hypsiboas albomarginatus";"Amphibia"
"Iguana delicatissima";"Reptilia"
"Iguana iguana";"Reptilia"
"Iguana iguana";"Reptilia"
"Iguana iguana";"Reptilia"
"Iguana iguana";"Reptilia"
"Iguana iguana";"Reptilia"
"Iguana iguana";"Reptilia"
"Iguana iguana";"Reptilia"
"Iguana iguana";"Reptilia"
"Iguana iguana";"Reptilia"
"Iguana iguana";"Reptilia"
"Iguana iguana";"Reptilia"
"Iguana iguana";"Reptilia"
"Iguana iguana";"Reptilia"
"Iguana iguana";"Reptilia"
"Iguana iguana";"Reptilia"
"Iguana iguana";"Reptilia"
"Iguana iguana";"Reptilia"
"Iguana iguana";"Reptilia"
"Iguana iguana";"Reptilia"
"Iguana iguana";"Reptilia"
"Iguana iguana";"Reptilia"
"Iguana iguana";"Reptilia"
"Iguana iguana";"Reptilia"
"Imantodes cenchoa";"Reptilia"
"Intellagama lesueurii ";"Reptilia"
"Kaloula picta";"Amphibia"
"Kaloula pulchra";"Amphibia"
"Kaloula pulchra";"Amphibia"
"Kaloula pulchra";"Amphibia"
"Kaloula pulchra";"Amphibia"
"Kaloula pulchra";"Amphibia"
"Kaloula pulchra";"Amphibia"
"Kentropyx borckiana";"Amphibia"
"Kinixys belliana";"Reptilia"
"Kinixys belliana";"Reptilia"
"Kinosternon flavescens";"Reptilia"
"Kinosternon scorpioides";"Reptilia"
"Kinosternon sonoriense";"Reptilia"
"Kinosternon subrubrum";"Reptilia"
"Kinosternon subrubrum";"Reptilia"
"Kinosternon subrubrum";"Reptilia"
"Lacerta bilineata";"Reptilia"
"Lacerta bilineata";"Reptilia"
"Lacerta bilineata";"Reptilia"
"Lacerta bilineata";"Reptilia"
"Lacerta bilineata";"Reptilia"
"Lacerta bilineata";"Reptilia"
"Lacerta bilineata";"Reptilia"
"Lacerta dugesii";"Reptilia"
"Lacerta dugesii";"Reptilia"
"Lacerta laevis";"Reptilia"
"Lamprolepis smaragdina";"Reptilia"
"Lamprolepis smaragdina";"Reptilia"
"Lampropeltis alterna";"Reptilia"
"Lampropeltis alterna";"Reptilia"
"Lampropeltis calligaster";"Reptilia"
"Lampropeltis getula";"Reptilia"
"Lampropeltis getula";"Reptilia"
"Lampropeltis getula";"Reptilia"
"Lampropeltis getula";"Reptilia"
"Lampropeltis getula";"Reptilia"
"Lampropeltis getula";"Reptilia"
"Lampropeltis triangulum";"Reptilia"
"Lampropeltis triangulum";"Reptilia"
"Lampropeltis triangulum";"Reptilia"
"Lampropeltis triangulum";"Reptilia"
"Lampropholis delicata";"Reptilia"
"Lampropholis delicata";"Reptilia"
"Lampropholis guichenoti";"Reptilia"
"Lechriodus fletcheri";"Amphibia"
"Leiocephalus carinatus";"Reptilia"
"Leiocephalus carinatus";"Reptilia"
"Leiocephalus carinatus";"Reptilia"
"Leiocephalus personatus";"Reptilia"
"Leiocephalus schreibersi";"Reptilia"
"Leiocephalus schreibersi";"Reptilia"
"Leioheterodon madagascariensis";"Reptilia"
"Leiolepis belliana";"Reptilia"
"Leiolepis belliana";"Reptilia"
"Leiopython albertisii";"Reptilia"
"Lepidodactylus euaensis";"Reptilia"
"Lepidodactylus lugubris";"Reptilia"
"Lepidodactylus lugubris";"Reptilia"
"Lepidodactylus lugubris";"Reptilia"
"Lepidodactylus lugubris";"Reptilia"
"Lepidodactylus lugubris";"Reptilia"
"Lepidodactylus lugubris";"Reptilia"
"Lepidodactylus lugubris";"Reptilia"
"Lepidodactylus lugubris";"Reptilia"
"Lepidodactylus lugubris";"Reptilia"
"Lepidodactylus lugubris";"Reptilia"
"Lepidodactylus lugubris";"Reptilia"
"Lepidodactylus lugubris";"Reptilia"
"Lepidodactylus lugubris";"Reptilia"
"Lepidodactylus lugubris";"Reptilia"
"Lepidodactylus lugubris";"Reptilia"
"Lepidodactylus lugubris";"Reptilia"
"Lepidodactylus lugubris";"Reptilia"
"Lepidodactylus lugubris";"Reptilia"
"Lepidodactylus lugubris";"Reptilia"
"Lepidodactylus lugubris";"Reptilia"
"Lepidodactylus lugubris";"Reptilia"
"Lepidodactylus lugubris";"Reptilia"
"Lepidodactylus lugubris";"Reptilia"
"Lepidodactylus lugubris";"Reptilia"
"Lepidodactylus lugubris";"Reptilia"
"Lepidodactylus lugubris";"Reptilia"
"Leptodactylus fallax";"Amphibia"
"Leptodactylus fallax";"Amphibia"
"Leptodactylus fallax";"Amphibia"
"Leptodactylus fallax";"Amphibia"
"Leptodeira annulata";"Reptilia"
"Leptodeira annulata";"Reptilia"
"Leptodeira annulata";"Reptilia"
"Leptophis ahaetulla";"Reptilia"
"Leptotyphlops albifrons";"Reptilia"
"Limnodynastes dorsalis";"Amphibia"
"Limnodynastes dumerilii";"Amphibia"
"Limnodynastes tasmaniensis";"Amphibia"
"Limnodynastes terraereginae";"Amphibia"
"Liolaemus wiegmannii";"Reptilia"
"Lipinia noctua";"Reptilia"
"Lipinia noctua";"Reptilia"
"Lipinia noctua";"Reptilia"
"Lipinia noctua";"Reptilia"
"Lipinia noctua";"Reptilia"
"Lipinia noctua";"Reptilia"
"Lissemys punctata";"Reptilia"
"Lissemys punctata";"Reptilia"
"Lissemys punctata";"Reptilia"
"Lissemys punctata";"Reptilia"
"Lithobates berlandieri";"Amphibia"
"Lithobates berlandieri";"Amphibia"
"Lithobates berlandieri";"Amphibia"
"Lithobates berlandieri";"Amphibia"
"Lithobates blairi";"Amphibia"
"Lithobates catesbeianus";"Amphibia"
"Lithobates catesbeianus";"Amphibia"
"Lithobates catesbeianus";"Amphibia"
"Lithobates catesbeianus";"Amphibia"
"Lithobates catesbeianus";"Amphibia"
"Lithobates catesbeianus";"Amphibia"
"Lithobates catesbeianus";"Amphibia"
"Lithobates catesbeianus";"Amphibia"
"Lithobates catesbeianus";"Amphibia"
"Lithobates catesbeianus";"Amphibia"
"Lithobates catesbeianus";"Amphibia"
"Lithobates catesbeianus";"Amphibia"
"Lithobates catesbeianus";"Amphibia"
"Lithobates catesbeianus";"Amphibia"
"Lithobates catesbeianus";"Amphibia"
"Lithobates catesbeianus";"Amphibia"
"Lithobates catesbeianus";"Amphibia"
"Lithobates catesbeianus";"Amphibia"
"Lithobates catesbeianus";"Amphibia"
"Lithobates catesbeianus";"Amphibia"
"Lithobates catesbeianus";"Amphibia"
"Lithobates catesbeianus";"Amphibia"
"Lithobates catesbeianus";"Amphibia"
"Lithobates catesbeianus";"Amphibia"
"Lithobates catesbeianus";"Amphibia"
"Lithobates catesbeianus";"Amphibia"
"Lithobates catesbeianus";"Amphibia"
"Lithobates catesbeianus";"Amphibia"
"Lithobates catesbeianus";"Amphibia"
"Lithobates catesbeianus";"Amphibia"
"Lithobates catesbeianus";"Amphibia"
"Lithobates catesbeianus";"Amphibia"
"Lithobates catesbeianus";"Amphibia"
"Lithobates catesbeianus";"Amphibia"
"Lithobates catesbeianus";"Amphibia"
"Lithobates catesbeianus";"Amphibia"
"Lithobates catesbeianus";"Amphibia"
"Lithobates catesbeianus";"Amphibia"
"Lithobates catesbeianus";"Amphibia"
"Lithobates catesbeianus";"Amphibia"
"Lithobates catesbeianus";"Amphibia"
"Lithobates catesbeianus";"Amphibia"
"Lithobates catesbeianus";"Amphibia"
"Lithobates catesbeianus";"Amphibia"
"Lithobates catesbeianus";"Amphibia"
"Lithobates catesbeianus";"Amphibia"
"Lithobates catesbeianus";"Amphibia"
"Lithobates catesbeianus";"Amphibia"
"Lithobates catesbeianus";"Amphibia"
"Lithobates catesbeianus";"Amphibia"
"Lithobates catesbeianus";"Amphibia"
"Lithobates catesbeianus";"Amphibia"
"Lithobates catesbeianus";"Amphibia"
"Lithobates catesbeianus";"Amphibia"
"Lithobates catesbeianus";"Amphibia"
"Lithobates catesbeianus";"Amphibia"
"Lithobates catesbeianus";"Amphibia"
"Lithobates catesbeianus";"Amphibia"
"Lithobates catesbeianus";"Amphibia"
"Lithobates catesbeianus";"Amphibia"
"Lithobates catesbeianus";"Amphibia"
"Lithobates catesbeianus";"Amphibia"
"Lithobates catesbeianus";"Amphibia"
"Lithobates catesbeianus";"Amphibia"
"Lithobates catesbeianus";"Amphibia"
"Lithobates catesbeianus";"Amphibia"
"Lithobates catesbeianus";"Amphibia"
"Lithobates catesbeianus";"Amphibia"
"Lithobates catesbeianus";"Amphibia"
"Lithobates catesbeianus";"Amphibia"
"Lithobates catesbeianus";"Amphibia"
"Lithobates catesbeianus";"Amphibia"
"Lithobates catesbeianus";"Amphibia"
"Lithobates catesbeianus";"Amphibia"
"Lithobates catesbeianus";"Amphibia"
"Lithobates catesbeianus";"Amphibia"
"Lithobates catesbeianus";"Amphibia"
"Lithobates catesbeianus";"Amphibia"
"Lithobates catesbeianus";"Amphibia"
"Lithobates catesbeianus";"Amphibia"
"Lithobates catesbeianus";"Amphibia"
"Lithobates catesbeianus";"Amphibia"
"Lithobates clamitans";"Amphibia"
"Lithobates clamitans";"Amphibia"
"Lithobates clamitans";"Amphibia"
"Lithobates clamitans";"Amphibia"
"Lithobates clamitans";"Amphibia"
"Lithobates clamitans";"Amphibia"
"Lithobates clamitans";"Amphibia"
"Lithobates clamitans";"Amphibia"
"Lithobates clamitans";"Amphibia"
"Lithobates clamitans";"Amphibia"
"Lithobates grylio";"Amphibia"
"Lithobates grylio";"Amphibia"
"Lithobates grylio";"Amphibia"
"Lithobates heckscheri";"Amphibia"
"Lithobates pipiens";"Amphibia"
"Lithobates pipiens";"Amphibia"
"Lithobates pipiens";"Amphibia"
"Lithobates pipiens";"Amphibia"
"Lithobates pipiens";"Amphibia"
"Lithobates pipiens";"Amphibia"
"Lithobates pipiens";"Amphibia"
"Lithobates pipiens";"Amphibia"
"Lithobates pipiens";"Amphibia"
"Lithobates pipiens";"Amphibia"
"Lithobates septentrionalis";"Amphibia"
"Lithobates sphenocephalus";"Amphibia"
"Lithobates sphenocephalus";"Amphibia"
"Lithobates sphenocephalus";"Amphibia"
"Lithobates sphenocephalus";"Amphibia"
"Lithobates sylvaticus";"Amphibia"
"Lithobates sylvaticus";"Amphibia"
"Lithobates sylvaticus";"Amphibia"
"Lithobates sylvaticus";"Amphibia"
"Litoria adelaidensis";"Amphibia"
"Litoria adelaidensis";"Amphibia"
"Litoria aurea";"Amphibia"
"Litoria aurea";"Amphibia"
"Litoria aurea";"Amphibia"
"Litoria aurea";"Amphibia"
"Litoria aurea";"Amphibia"
"Litoria bicolor";"Amphibia"
"Litoria caerulea";"Amphibia"
"Litoria caerulea";"Amphibia"
"Litoria caerulea";"Amphibia"
"Litoria chloris";"Amphibia"
"Litoria cyclorhyncha";"Amphibia"
"Litoria ewingii";"Amphibia"
"Litoria ewingii";"Amphibia"
"Litoria fallax";"Amphibia"
"Litoria fallax";"Amphibia"
"Litoria fallax";"Amphibia"
"Litoria gracilenta";"Amphibia"
"Litoria gracilenta";"Amphibia"
"Litoria infrafrenata";"Amphibia"
"Litoria phyllochroa";"Amphibia"
"Litoria raniformis";"Amphibia"
"Litoria rothii";"Amphibia"
"Litoria rothii";"Amphibia"
"Litoria rubella";"Amphibia"
"Litoria verreauxii";"Amphibia"
"Litoria xanthomera";"Amphibia"
"Lycodon aulicus";"Reptilia"
"Lycodon aulicus";"Reptilia"
"Lycodon aulicus";"Reptilia"
"Lycodon aulicus";"Reptilia"
"Lycodon aulicus";"Reptilia"
"Lycodon aulicus";"Reptilia"
"Lycodon capucinus";"Reptilia"
"Lygodactylus capensis";"Reptilia"
"Lygosoma bowringii";"Reptilia"
"Lygosoma bowringii";"Reptilia"
"Lygosoma bowringii";"Reptilia"
"Lystrophis dorbignyi";"Reptilia"
"Lystrophis semicinctus";"Reptilia"
"Mabuya multifasciata";"Reptilia"
"Mabuya multifasciata";"Reptilia"
"Mabuya multifasciata";"Reptilia"
"Mabuya multifasciata";"Reptilia"
"Macrochelys temminckii";"Reptilia"
"Macrochelys temminckii";"Reptilia"
"Macrochelys temminckii";"Reptilia"
"Macrochelys temminckii";"Reptilia"
"Macroprotodon brevis";"Reptilia"
"Macroprotodon mauritanicus";"Reptilia"
"Macroprotodon mauritanicus";"Reptilia"
"Malaclemys terrapin";"Reptilia"
"Malaclemys terrapin";"Reptilia"
"Malaclemys terrapin";"Reptilia"
"Malaclemys terrapin";"Reptilia"
"Malayemys subtrijuga";"Reptilia"
"Malayemys subtrijuga";"Reptilia"
"Malpolon monspessulanus";"Reptilia"
"Malpolon monspessulanus";"Reptilia"
"Malpolon monspessulanus";"Reptilia"
"Manouria emys";"Reptilia"
"Masticophis flagellum";"Reptilia"
"Mauremys caspica";"Reptilia"
"Mauremys caspica";"Reptilia"
"Mauremys leprosa";"Reptilia"
"Mauremys mutica";"Reptilia"
"Mauremys mutica";"Reptilia"
"Mauremys reevesii";"Reptilia"
"Mauremys reevesii";"Reptilia"
"Mauremys reevesii";"Reptilia"
"Mauremys reevesii";"Reptilia"
"Mauremys reevesii";"Reptilia"
"Mauremys reevesii";"Reptilia"
"Mauremys reevesii";"Reptilia"
"Mauremys reevesii";"Reptilia"
"Mauremys reevesii";"Reptilia"
"Mauremys reevesii";"Reptilia"
"Mauremys reevesii";"Reptilia"
"Mauremys reevesii";"Reptilia"
"Mauremys sinensis";"Reptilia"
"Mauremys sinensis";"Reptilia"
"Mauremys sinensis";"Reptilia"
"Melanochelys trijuga";"Reptilia"
"Melanochelys trijuga";"Reptilia"
"Melanosuchus niger";"Reptilia"
"Microhyla pulchra";"Amphibia"
"Micrurus fulvius";"Reptilia"
"Micrurus fulvius";"Reptilia"
"Micrurus fulvius";"Reptilia"
"Micrurus fulvius";"Reptilia"
"Morelia amethistina";"Reptilia"
"Morelia spilota";"Reptilia"
"Morelia spilotes";"Reptilia"
"Morelia viridis";"Reptilia"
"Nactus pelagicus";"Reptilia"
"Naja haje";"Reptilia"
"Naja haje";"Reptilia"
"Naja kaouthia";"Reptilia"
"Naja naja";"Reptilia"
"Natrix maura";"Reptilia"
"Natrix maura";"Reptilia"
"Natrix maura";"Reptilia"
"Natrix maura";"Reptilia"
"Natrix maura";"Reptilia"
"Natrix maura";"Reptilia"
"Natrix natrix";"Reptilia"
"Natrix tesselata";"Reptilia"
"Natrix tessellata";"Reptilia"
"Natrix tessellata";"Reptilia"
"Necturus maculosus";"Amphibia"
"Necturus maculosus";"Amphibia"
"Necturus maculosus";"Amphibia"
"Necturus maculosus";"Amphibia"
"Necturus maculosus";"Amphibia"
"Necturus maculosus";"Amphibia"
"Necturus maculosus";"Amphibia"
"Nerodia erythrogaster";"Reptilia"
"Nerodia fasciata";"Reptilia"
"Nerodia fasciata";"Reptilia"
"Nerodia rhombifer";"Reptilia"
"Nerodia rhombifer";"Reptilia"
"Nerodia sipedon";"Reptilia"
"Nerodia taxispilota";"Reptilia"
"Ninia sebae";"Reptilia"
"Norops sagrei";"Reptilia"
"Norops sagrei";"Reptilia"
"Norops sagrei";"Reptilia"
"Norops sagrei";"Reptilia"
"Norops sagrei";"Reptilia"
"Norops sagrei";"Reptilia"
"Norops sagrei";"Reptilia"
"Norops sagrei";"Reptilia"
"Norops sagrei";"Reptilia"
"Norops sagrei";"Reptilia"
"Norops sagrei";"Reptilia"
"Norops sagrei";"Reptilia"
"Norops sagrei";"Reptilia"
"Norops sagrei";"Reptilia"
"Norops sagrei";"Reptilia"
"Norops sagrei";"Reptilia"
"Norops sagrei";"Reptilia"
"Norops sagrei";"Reptilia"
"Norops sagrei";"Reptilia"
"Norops sagrei";"Reptilia"
"Norops sagrei";"Reptilia"
"Norops sagrei";"Reptilia"
"Norops sagrei";"Reptilia"
"Norops sagrei";"Reptilia"
"Norops sagrei";"Reptilia"
"Norops sagrei";"Reptilia"
"Norops sagrei";"Reptilia"
"Norops sagrei";"Reptilia"
"Norops sagrei";"Reptilia"
"Norops sagrei";"Reptilia"
"Norops sagrei";"Reptilia"
"Norops sagrei";"Reptilia"
"Norops sagrei";"Reptilia"
"Norops sagrei";"Reptilia"
"Norops sagrei";"Reptilia"
"Notechis scutatus";"Reptilia"
"Notophthalmus viridescens";"Amphibia"
"Notophthalmus viridescens";"Amphibia"
"Oedura rhombifer";"Reptilia"
"Opheodrys aestivus";"Reptilia"
"Ophisaurus ventralis";"Reptilia"
"Osteopilus septentrionalis";"Amphibia"
"Osteopilus septentrionalis";"Amphibia"
"Osteopilus septentrionalis";"Amphibia"
"Osteopilus septentrionalis";"Amphibia"
"Osteopilus septentrionalis";"Amphibia"
"Osteopilus septentrionalis";"Amphibia"
"Osteopilus septentrionalis";"Amphibia"
"Osteopilus septentrionalis";"Amphibia"
"Osteopilus septentrionalis";"Amphibia"
"Osteopilus septentrionalis";"Amphibia"
"Osteopilus septentrionalis";"Amphibia"
"Osteopilus septentrionalis";"Amphibia"
"Osteopilus septentrionalis";"Amphibia"
"Osteopilus septentrionalis";"Amphibia"
"Osteopilus septentrionalis";"Amphibia"
"Osteopilus septentrionalis";"Amphibia"
"Osteopilus septentrionalis";"Amphibia"
"Osteopilus septentrionalis";"Amphibia"
"Osteopilus septentrionalis";"Amphibia"
"Osteopilus septentrionalis";"Amphibia"
"Osteopilus septentrionalis";"Amphibia"
"Osteopilus septentrionalis";"Amphibia"
"Oxyuranus scutellatus";"Reptilia"
"Pachymedusa dacnicolor";"Amphibia"
"Palea steindachneri";"Reptilia"
"Palea steindachneri";"Reptilia"
"Palea steindachneri";"Reptilia"
"Palea steindachneri";"Reptilia"
"Pelamis platura";"Reptilia"
"Pelodiscus sinensis";"Reptilia"
"Pelodiscus sinensis";"Reptilia"
"Pelodiscus sinensis";"Reptilia"
"Pelodiscus sinensis";"Reptilia"
"Pelodiscus sinensis";"Reptilia"
"Pelodiscus sinensis";"Reptilia"
"Pelodiscus sinensis";"Reptilia"
"Pelodiscus sinensis";"Reptilia"
"Pelodiscus sinensis";"Reptilia"
"Pelodiscus sinensis";"Reptilia"
"Pelophylax bedriagae";"Amphibia"
"Pelophylax bedriagae";"Amphibia"
"Pelophylax bedriagae";"Amphibia"
"Pelophylax bedriagae";"Amphibia"
"Pelophylax bedriagae";"Amphibia"
"Pelophylax bergeri";"Amphibia"
"Pelophylax bergeri";"Amphibia"
"Pelophylax bergeri";"Amphibia"
"Pelophylax bergeri";"Amphibia"
"Pelophylax bergeri";"Amphibia"
"Pelophylax bergeri";"Amphibia"
"Pelophylax epeiroticus";"Amphibia"
"Pelophylax esculentus";"Amphibia"
"Pelophylax esculentus";"Amphibia"
"Pelophylax kl. Esculentus";"Amphibia"
"Pelophylax kl. Grafi";"Amphibia"
"Pelophylax kurtmuelleri";"Amphibia"
"Pelophylax kurtmuelleri";"Amphibia"
"Pelophylax kurtmuelleri";"Amphibia"
"Pelophylax kurtmuelleri";"Amphibia"
"Pelophylax kurtmuelleri";"Amphibia"
"Pelophylax lessonae";"Amphibia"
"Pelophylax lessonae";"Amphibia"
"Pelophylax lessonae";"Amphibia"
"Pelophylax lessonae";"Amphibia"
"Pelophylax lessonae";"Amphibia"
"Pelophylax nigromaculatus";"Amphibia"
"Pelophylax nigromaculatus";"Amphibia"
"Pelophylax perezi";"Amphibia"
"Pelophylax perezi";"Amphibia"
"Pelophylax perezi";"Amphibia"
"Pelophylax perezi";"Amphibia"
"Pelophylax perezi";"Amphibia"
"Pelophylax ridibundus";"Amphibia"
"Pelophylax ridibundus";"Amphibia"
"Pelophylax ridibundus";"Amphibia"
"Pelophylax ridibundus";"Amphibia"
"Pelophylax ridibundus";"Amphibia"
"Pelophylax ridibundus";"Amphibia"
"Pelophylax ridibundus";"Amphibia"
"Pelophylax ridibundus";"Amphibia"
"Pelophylax ridibundus";"Amphibia"
"Pelophylax ridibundus";"Amphibia"
"Pelophylax ridibundus";"Amphibia"
"Pelophylax ridibundus";"Amphibia"
"Pelophylax ridibundus";"Amphibia"
"Pelophylax saharicus";"Amphibia"
"Pelophylax saharicus";"Amphibia"
"Pelophylax shqipericus";"Amphibia"
"Pelophylax shqipericus ";"Amphibia"
"Pelusios castaneus";"Reptilia"
"Pelusios subniger";"Reptilia"
"Pelusios subniger";"Reptilia"
"Pelusios subniger";"Reptilia"
"Pelusios subniger";"Reptilia"
"Pelusios subniger";"Reptilia"
"Phelsuma astriata";"Reptilia"
"Phelsuma cepediana";"Reptilia"
"Phelsuma cepediana";"Reptilia"
"Phelsuma dubia";"Reptilia"
"Phelsuma dubia";"Reptilia"
"Phelsuma dubia";"Reptilia"
"Phelsuma dubia";"Reptilia"
"Phelsuma grandis";"Reptilia"
"Phelsuma guimbeaui";"Reptilia"
"Phelsuma laticauda";"Reptilia"
"Phelsuma laticauda";"Reptilia"
"Phelsuma laticauda";"Reptilia"
"Phelsuma laticauda";"Reptilia"
"Phelsuma lineata";"Reptilia"
"Phelsuma madagascariensis";"Reptilia"
"Phelsuma madagascariensis";"Reptilia"
"Phelsuma madagascariensis";"Reptilia"
"Phelsuma sundbergi";"Reptilia"
"Philodryas psammophidea";"Reptilia"
"Phrynomantis bifasciatus";"Amphibia"
"Phrynosoma cornutum";"Reptilia"
"Phrynosoma cornutum";"Reptilia"
"Phrynosoma cornutum";"Reptilia"
"Phrynosoma cornutum";"Reptilia"
"Phrynosoma cornutum";"Reptilia"
"Phrynosoma cornutum";"Reptilia"
"Phrynosoma cornutum";"Reptilia"
"Phrynosoma cornutum";"Reptilia"
"Phrynosoma cornutum";"Reptilia"
"Phrynosoma cornutum";"Reptilia"
"Phrynosoma cornutum";"Reptilia"
"Phrynosoma cornutum";"Reptilia"
"Phrynosoma cornutum";"Reptilia"
"Phrynosoma cornutum";"Reptilia"
"Phrynosoma cornutum";"Reptilia"
"Phrynosoma cornutum";"Reptilia"
"Phrynosoma cornutum";"Reptilia"
"Phrynosoma cornutum";"Reptilia"
"Phrynosoma cornutum";"Reptilia"
"Phrynosoma cornutum";"Reptilia"
"Phrynosoma cornutum";"Reptilia"
"Phrynosoma cornutum";"Reptilia"
"Phrynosoma cornutum";"Reptilia"
"Phrynosoma cornutum";"Reptilia"
"Phrynosoma cornutum";"Reptilia"
"Phrynosoma coronatum";"Reptilia"
"Phrynosoma coronatum";"Reptilia"
"Phyllodactylus reissii";"Reptilia"
"Physignathus cocincinus";"Reptilia"
"Pipa carvalhoi";"Amphibia"
"Pipa parva";"Amphibia"
"Pituophis catenifer";"Reptilia"
"Pituophis melanoleucus";"Reptilia"
"Pituophis melanoleucus";"Reptilia"
"Platyceps florulentus";"Reptilia"
"Plethodon cinereus";"Amphibia"
"Plethodon montanus";"Amphibia"
"Plethodon shenandoah";"Amphibia"
"Pleurodeles waltl";"Amphibia"
"Pleurodema brachyops";"Amphibia"
"Pleurodema brachyops";"Amphibia"
"Podarcis filfolensis";"Reptilia"
"Podarcis muralis";"Reptilia"
"Podarcis muralis";"Reptilia"
"Podarcis muralis";"Reptilia"
"Podarcis muralis";"Reptilia"
"Podarcis muralis";"Reptilia"
"Podarcis muralis";"Reptilia"
"Podarcis muralis";"Reptilia"
"Podarcis muralis";"Reptilia"
"Podarcis muralis";"Reptilia"
"Podarcis muralis";"Reptilia"
"Podarcis pityusensis";"Reptilia"
"Podarcis pityusensis";"Reptilia"
"Podarcis pityusensis";"Reptilia"
"Podarcis sicula";"Reptilia"
"Podarcis sicula";"Reptilia"
"Podarcis sicula";"Reptilia"
"Podarcis sicula";"Reptilia"
"Podarcis sicula";"Reptilia"
"Podarcis sicula";"Reptilia"
"Podarcis sicula";"Reptilia"
"Podarcis sicula";"Reptilia"
"Podarcis siculus";"Reptilia"
"Podarcis siculus";"Reptilia"
"Podarcis siculus";"Reptilia"
"Podarcis siculus";"Reptilia"
"Podarcis siculus";"Reptilia"
"Podarcis siculus";"Reptilia"
"Podarcis siculus";"Reptilia"
"Podarcis siculus";"Reptilia"
"Podarcis siculus";"Reptilia"
"Podarcis siculus";"Reptilia"
"Podarcis siculus";"Reptilia"
"Podarcis siculus";"Reptilia"
"Podarcis siculus";"Reptilia"
"Podocnemis expansa";"Reptilia"
"Podocnemis lewyana";"Reptilia"
"Podocnemis sextuberculata";"Reptilia"
"Podocnemis unifilis";"Reptilia"
"Podocnemis unifilis";"Reptilia"
"Pogona barbata";"Reptilia"
"Polypedates leucomystax";"Amphibia"
"Polypedates leucomystax";"Amphibia"
"Polypedates megacephalus";"Amphibia"
"Pristurus rupestris";"Reptilia"
"Proteus anguinus";"Amphibia"
"Proteus anguinus";"Amphibia"
"Protobothrops flavoviridis";"Reptilia"
"Psammodromus algirus";"Reptilia"
"Psammodromus algirus";"Reptilia"
"Psammodromus algirus";"Reptilia"
"Psammodromus hispanicus";"Reptilia"
"Pseudacris clarkii";"Amphibia"
"Pseudacris crucifer";"Amphibia"
"Pseudacris regilla";"Amphibia"
"Pseudacris regilla";"Amphibia"
"Pseudacris regilla";"Amphibia"
"Pseudacris regilla";"Amphibia"
"Pseudacris regilla";"Amphibia"
"Pseudacris regilla";"Amphibia"
"Pseudacris regilla";"Amphibia"
"Pseudechis porphyriacus";"Reptilia"
"Pseudemys concinna";"Reptilia"
"Pseudemys concinna";"Reptilia"
"Pseudemys concinna";"Reptilia"
"Pseudemys concinna";"Reptilia"
"Pseudemys concinna";"Reptilia"
"Pseudemys concinna";"Reptilia"
"Pseudemys concinna";"Reptilia"
"Pseudemys concinna";"Reptilia"
"Pseudemys concinna";"Reptilia"
"Pseudemys concinna";"Reptilia"
"Pseudemys floridana";"Reptilia"
"Pseudemys floridana";"Reptilia"
"Pseudemys floridana";"Reptilia"
"Pseudemys floridana";"Reptilia"
"Pseudemys gorzugi";"Reptilia"
"Pseudemys nelsoni";"Reptilia"
"Pseudemys nelsoni";"Reptilia"
"Pseudemys nelsoni";"Reptilia"
"Pseudemys rubriventris";"Reptilia"
"Pseudonaja textilis";"Reptilia"
"Pseudonaja textilis";"Reptilia"
"Pseudopus apodus";"Reptilia"
"Pseudotriton ruber";"Amphibia"
"Ptychadena mascareniensis";"Amphibia"
"Ptychadena mascareniensis";"Amphibia"
"Ptychadena mascareniensis";"Amphibia"
"Ptychadena mascareniensis";"Amphibia"
"Ptychozoon lionotum";"Reptilia"
"Ptyodactylus hasselquistii";"Reptilia"
"Pygopus lepidopodus";"Reptilia"
"Python curtus";"Reptilia"
"Python molurus";"Reptilia"
"Python molurus";"Reptilia"
"Python molurus";"Reptilia"
"Python molurus";"Reptilia"
"Python molurus";"Reptilia"
"Python molurus";"Reptilia"
"Python molurus";"Reptilia"
"Python molurus";"Reptilia"
"Python molurus";"Reptilia"
"Python molurus";"Reptilia"
"Python molurus bivittatus";"Reptilia"
"Python molurus bivittatus";"Reptilia"
"Python molurus bivittatus";"Reptilia"
"Python regius";"Reptilia"
"Python regius";"Reptilia"
"Python regius";"Reptilia"
"Python regius";"Reptilia"
"Python regius";"Reptilia"
"Python reticulatus";"Reptilia"
"Python reticulatus";"Reptilia"
"Python reticulatus";"Reptilia"
"Python reticulatus";"Reptilia"
"Python reticulatus";"Reptilia"
"Python sebae";"Reptilia"
"Python sebae";"Reptilia"
"Pyxicephalus adspersus";"Amphibia"
"Ramphotyphlops braminus";"Reptilia"
"Ramphotyphlops braminus";"Reptilia"
"Ramphotyphlops braminus";"Reptilia"
"Ramphotyphlops braminus";"Reptilia"
"Ramphotyphlops braminus";"Reptilia"
"Ramphotyphlops braminus";"Reptilia"
"Ramphotyphlops braminus";"Reptilia"
"Ramphotyphlops braminus";"Reptilia"
"Ramphotyphlops braminus";"Reptilia"
"Ramphotyphlops braminus";"Reptilia"
"Ramphotyphlops braminus";"Reptilia"
"Ramphotyphlops braminus";"Reptilia"
"Ramphotyphlops braminus";"Reptilia"
"Ramphotyphlops braminus";"Reptilia"
"Ramphotyphlops braminus";"Reptilia"
"Ramphotyphlops braminus";"Reptilia"
"Ramphotyphlops braminus";"Reptilia"
"Ramphotyphlops braminus";"Reptilia"
"Ramphotyphlops braminus";"Reptilia"
"Ramphotyphlops braminus";"Reptilia"
"Ramphotyphlops braminus";"Reptilia"
"Ramphotyphlops braminus";"Reptilia"
"Ramphotyphlops braminus";"Reptilia"
"Ramphotyphlops braminus";"Reptilia"
"Ramphotyphlops braminus";"Reptilia"
"Ramphotyphlops braminus";"Reptilia"
"Ramphotyphlops braminus";"Reptilia"
"Ramphotyphlops braminus";"Reptilia"
"Ramphotyphlops braminus";"Reptilia"
"Ramphotyphlops braminus";"Reptilia"
"Ramphotyphlops braminus";"Reptilia"
"Ramphotyphlops braminus";"Reptilia"
"Ramphotyphlops braminus";"Reptilia"
"Ramphotyphlops braminus";"Reptilia"
"Ramphotyphlops braminus";"Reptilia"
"Ramphotyphlops braminus";"Reptilia"
"Ramphotyphlops braminus";"Reptilia"
"Ramphotyphlops braminus";"Reptilia"
"Ramphotyphlops braminus";"Reptilia"
"Ramphotyphlops braminus";"Reptilia"
"Ramphotyphlops braminus";"Reptilia"
"Ramphotyphlops braminus";"Reptilia"
"Ramphotyphlops braminus";"Reptilia"
"Ramphotyphlops braminus";"Reptilia"
"Ramphotyphlops braminus";"Reptilia"
"Ramphotyphlops braminus";"Reptilia"
"Ramphotyphlops braminus";"Reptilia"
"Ramphotyphlops braminus";"Reptilia"
"Ramphotyphlops braminus";"Reptilia"
"Ramphotyphlops braminus";"Reptilia"
"Ramphotyphlops braminus";"Reptilia"
"Ramphotyphlops braminus";"Reptilia"
"Ramphotyphlops braminus";"Reptilia"
"Ramphotyphlops braminus";"Reptilia"
"Ramphotyphlops braminus";"Reptilia"
"Ramphotyphlops braminus";"Reptilia"
"Ramphotyphlops braminus";"Reptilia"
"Ramphotyphlops braminus";"Reptilia"
"Ramphotyphlops braminus";"Reptilia"
"Ramphotyphlops braminus";"Reptilia"
"Ramphotyphlops braminus";"Reptilia"
"Ramphotyphlops braminus";"Reptilia"
"Ramphotyphlops braminus";"Reptilia"
"Ramphotyphlops braminus";"Reptilia"
"Ramphotyphlops braminus";"Reptilia"
"Ramphotyphlops braminus";"Reptilia"
"Ramphotyphlops braminus";"Reptilia"
"Ramphotyphlops braminus";"Reptilia"
"Ramphotyphlops braminus";"Reptilia"
"Ramphotyphlops braminus";"Reptilia"
"Ramphotyphlops braminus";"Reptilia"
"Ramphotyphlops braminus";"Reptilia"
"Ramphotyphlops braminus";"Reptilia"
"Ramphotyphlops braminus";"Reptilia"
"Ramphotyphlops braminus";"Reptilia"
"Ramphotyphlops braminus";"Reptilia"
"Ramphotyphlops braminus";"Reptilia"
"Ramphotyphlops braminus";"Reptilia"
"Ramphotyphlops braminus";"Reptilia"
"Ramphotyphlops braminus";"Reptilia"
"Ramphotyphlops braminus";"Reptilia"
"Ramphotyphlops braminus";"Reptilia"
"Ramphotyphlops braminus";"Reptilia"
"Ramphotyphlops braminus";"Reptilia"
"Ramphotyphlops braminus";"Reptilia"
"Ramphotyphlops braminus";"Reptilia"
"Ramphotyphlops braminus";"Reptilia"
"Ramphotyphlops braminus";"Reptilia"
"Ramphotyphlops braminus";"Reptilia"
"Rana aurora";"Amphibia"
"Rana draytonii";"Amphibia"
"Rana draytonii";"Amphibia"
"Rana graeca";"Amphibia"
"Rana guentheri";"Amphibia"
"Rana klepton";"Amphibia"
"Rana klepton";"Amphibia"
"Rana klepton";"Amphibia"
"Rana rugosa";"Amphibia"
"Rana temporaria";"Amphibia"
"Rana temporaria";"Amphibia"
"Rana temporaria";"Amphibia"
"Rhaebo blombergi";"Amphibia"
"Rhaebo blombergi";"Amphibia"
"Rhinechis scalaris";"Reptilia"
"Rhinella arenarum";"Amphibia"
"Rhinella marina";"Amphibia"
"Rhinella marina";"Amphibia"
"Rhinella marina";"Amphibia"
"Rhinella marina";"Amphibia"
"Rhinella marina";"Amphibia"
"Rhinella marina";"Amphibia"
"Rhinella marina";"Amphibia"
"Rhinella marina";"Amphibia"
"Rhinella marina";"Amphibia"
"Rhinella marina";"Amphibia"
"Rhinella marina";"Amphibia"
"Rhinella marina";"Amphibia"
"Rhinella marina";"Amphibia"
"Rhinella marina";"Amphibia"
"Rhinella marina";"Amphibia"
"Rhinella marina";"Amphibia"
"Rhinella marina";"Amphibia"
"Rhinella marina";"Amphibia"
"Rhinella marina";"Amphibia"
"Rhinella marina";"Amphibia"
"Rhinella marina";"Amphibia"
"Rhinella marina";"Amphibia"
"Rhinella marina";"Amphibia"
"Rhinella marina";"Amphibia"
"Rhinella marina";"Amphibia"
"Rhinella marina";"Amphibia"
"Rhinella marina";"Amphibia"
"Rhinella marina";"Amphibia"
"Rhinella marina";"Amphibia"
"Rhinella marina";"Amphibia"
"Rhinella marina";"Amphibia"
"Rhinella marina";"Amphibia"
"Rhinella marina";"Amphibia"
"Rhinella marina";"Amphibia"
"Rhinella marina";"Amphibia"
"Rhinella marina";"Amphibia"
"Rhinella marina";"Amphibia"
"Rhinella marina";"Amphibia"
"Rhinella marina";"Amphibia"
"Rhinella marina";"Amphibia"
"Rhinella marina";"Amphibia"
"Rhinella marina";"Amphibia"
"Rhinella marina";"Amphibia"
"Rhinella marina";"Amphibia"
"Rhinella marina";"Amphibia"
"Rhinella marina";"Amphibia"
"Rhinella marina";"Amphibia"
"Rhinella marina";"Amphibia"
"Rhinella marina";"Amphibia"
"Rhinella marina";"Amphibia"
"Rhinella marina";"Amphibia"
"Rhinella marina";"Amphibia"
"Rhinella marina";"Amphibia"
"Rhinella marina";"Amphibia"
"Rhinella marina";"Amphibia"
"Rhinella marina";"Amphibia"
"Rhinella marina";"Amphibia"
"Rhinella marina";"Amphibia"
"Rhinella marina";"Amphibia"
"Rhinella marina";"Amphibia"
"Rhinella schneideri";"Amphibia"
"Rhinoclemmys pulcherrima";"Reptilia"
"Salvator merianae";"Reptilia"
"Saproscincus challengeri";"Reptilia"
"Saproscincus mustelinus";"Reptilia"
"Saproscincus mustelinus";"Reptilia"
"Scelarcis perspicillata";"Reptilia"
"Scelarcis perspicillata";"Reptilia"
"Scelarcis perspicillata";"Reptilia"
"Sceloporus jarrovii";"Reptilia"
"Sceloporus magister";"Reptilia"
"Sceloporus occidentalis";"Reptilia"
"Sceloporus occidentalis";"Reptilia"
"Sceloporus poinsettii";"Reptilia"
"Sceloporus poinsettii";"Reptilia"
"Sceloporus serrifer";"Reptilia"
"Sceloporus undulatus";"Reptilia"
"Sceloporus undulatus";"Reptilia"
"Scinax quinquefasciatus";"Amphibia"
"Scinax ruber";"Amphibia"
"Scinax ruber";"Amphibia"
"Scinax ruber";"Amphibia"
"Scinax x-signatus";"Amphibia"
"Scinax x-signatus";"Amphibia"
"Scincella lateralis";"Reptilia"
"Siebenrockiella crassicollis";"Reptilia"
"Simoselaps bimaculatus";"Reptilia"
"Sistrurus miliarius";"Reptilia"
"Spalerosophis diadema";"Reptilia"
"Speleomantes ambrosii";"Amphibia"
"Speleomantes ambrosii";"Amphibia"
"Speleomantes ambrosii";"Amphibia"
"Speleomantes italicus";"Amphibia"
"Speleomantes italicus";"Amphibia"
"Sphaerodactylus argus";"Reptilia"
"Sphaerodactylus argus";"Reptilia"
"Sphaerodactylus argus";"Reptilia"
"Sphaerodactylus argus";"Reptilia"
"Sphaerodactylus argus";"Reptilia"
"Sphaerodactylus argus";"Reptilia"
"Sphaerodactylus argus";"Reptilia"
"Sphaerodactylus argus";"Reptilia"
"Sphaerodactylus copei";"Reptilia"
"Sphaerodactylus elegans";"Reptilia"
"Sphaerodactylus elegans";"Reptilia"
"Sphaerodactylus glaucus";"Reptilia"
"Sphaerodactylus lineolatus";"Reptilia"
"Sphaerodactylus macrolepis";"Reptilia"
"Sphaerodactylus microlepis";"Reptilia"
"Sphaerodactylus notatus";"Reptilia"
"Sphaerodactylus notatus";"Reptilia"
"Sphaerodactylus notatus";"Reptilia"
"Spilotes pullatus";"Reptilia"
"Spilotes pullatus";"Reptilia"
"Stellagama stellio";"Reptilia"
"Stellagama stellio";"Reptilia"
"Stellagama stellio";"Reptilia"
"Stellagama stellio";"Reptilia"
"Stigmochelys pardalis";"Reptilia"
"Storeria dekayi";"Reptilia"
"Strongylopus grayii";"Amphibia"
"Suta ordensis";"Reptilia"
"Tantilla melanocephala";"Reptilia"
"Tantilla melanocephala";"Reptilia"
"Tarentola annularis";"Reptilia"
"Tarentola annularis";"Reptilia"
"Tarentola annularis";"Reptilia"
"Tarentola boettgeri";"Reptilia"
"Tarentola boettgeri";"Reptilia"
"Tarentola mauritanica";"Reptilia"
"Tarentola mauritanica";"Reptilia"
"Tarentola mauritanica";"Reptilia"
"Tarentola mauritanica";"Reptilia"
"Tarentola mauritanica";"Reptilia"
"Tarentola mauritanica";"Reptilia"
"Tarentola mauritanica";"Reptilia"
"Tarentola mauritanica";"Reptilia"
"Tarentola mauritanica";"Reptilia"
"Tarentola mauritanica";"Reptilia"
"Tarentola mauritanica";"Reptilia"
"Tarentola mauritanica";"Reptilia"
"Tarentola mauritanica";"Reptilia"
"Tarentola mauritanica";"Reptilia"
"Tarentola mauritanica";"Reptilia"
"Tarentola mauritanica";"Reptilia"
"Tarentola mauritanica";"Reptilia"
"Tarentola mauritanica";"Reptilia"
"Tarentola mauritanica";"Reptilia"
"Tarentola mauritanica";"Reptilia"
"Tarentola mauritanica";"Reptilia"
"Tarentola mauritanica";"Reptilia"
"Tarentola mauritanica";"Reptilia"
"Tarentola mauritanica";"Reptilia"
"Tarentola parvicarinata";"Reptilia"
"Taricha granulosa";"Amphibia"
"Taricha granulosa";"Amphibia"
"Telescopus fallax";"Reptilia"
"Telescopus fallax";"Reptilia"
"Tenuidactylus fedtschenkoi";"Reptilia"
"Terrapene carolina";"Reptilia"
"Terrapene carolina";"Reptilia"
"Terrapene carolina";"Reptilia"
"Terrapene carolina";"Reptilia"
"Terrapene carolina";"Reptilia"
"Terrapene carolina";"Reptilia"
"Terrapene carolina";"Reptilia"
"Terrapene carolina";"Reptilia"
"Terrapene carolina";"Reptilia"
"Terrapene carolina";"Reptilia"
"Terrapene carolina";"Reptilia"
"Terrapene carolina";"Reptilia"
"Terrapene carolina";"Reptilia"
"Terrapene carolina";"Reptilia"
"Terrapene carolina";"Reptilia"
"Terrapene carolina";"Reptilia"
"Terrapene ornata";"Reptilia"
"Terrapene ornata";"Reptilia"
"Terrapene ornata";"Reptilia"
"Terrapene ornata";"Reptilia"
"Terrapene ornata";"Reptilia"
"Testudo graeca";"Reptilia"
"Testudo graeca";"Reptilia"
"Testudo graeca";"Reptilia"
"Testudo graeca";"Reptilia"
"Testudo graeca";"Reptilia"
"Testudo graeca";"Reptilia"
"Testudo graeca";"Reptilia"
"Testudo graeca";"Reptilia"
"Testudo graeca";"Reptilia"
"Testudo graeca";"Reptilia"
"Testudo hermanni";"Reptilia"
"Testudo hermanni";"Reptilia"
"Testudo hermanni";"Reptilia"
"Testudo hermanni";"Reptilia"
"Testudo hermanni";"Reptilia"
"Testudo hermanni";"Reptilia"
"Testudo hermanni";"Reptilia"
"Testudo kleinmanni";"Reptilia"
"Testudo marginata";"Reptilia"
"Testudo marginata";"Reptilia"
"Testudo marginata";"Reptilia"
"Testudo marginata";"Reptilia"
"Testudo marginata";"Reptilia"
"Testudo marginata";"Reptilia"
"Thamnophis brachystoma";"Reptilia"
"Thamnophis brachystoma";"Reptilia"
"Thamnophis brachystoma";"Reptilia"
"Thamnophis cyrtopsis";"Reptilia"
"Thamnophis elegans";"Reptilia"
"Thamnophis radix";"Reptilia"
"Thamnophis sauritus";"Reptilia"
"Thamnophis sauritus";"Reptilia"
"Thamnophis sirtalis";"Reptilia"
"Thamnophis sirtalis";"Reptilia"
"Thamnophis sirtalis";"Reptilia"
"Thamnophis sirtalis";"Reptilia"
"Tiliqua rugosa";"Reptilia"
"Tiliqua scincoides";"Reptilia"
"Tiliqua scincoides";"Reptilia"
"Timon lepidus";"Reptilia"
"Trachemys decussata";"Reptilia"
"Trachemys decussata";"Reptilia"
"Trachemys dorbigni";"Reptilia"
"Trachemys emolli";"Reptilia"
"Trachemys emolli";"Reptilia"
"Trachemys gaigeae";"Reptilia"
"Trachemys script";"Reptilia"
"Trachemys scripta";"Reptilia"
"Trachemys scripta";"Reptilia"
"Trachemys scripta";"Reptilia"
"Trachemys scripta";"Reptilia"
"Trachemys scripta";"Reptilia"
"Trachemys scripta";"Reptilia"
"Trachemys scripta";"Reptilia"
"Trachemys scripta";"Reptilia"
"Trachemys scripta";"Reptilia"
"Trachemys scripta";"Reptilia"
"Trachemys scripta";"Reptilia"
"Trachemys scripta";"Reptilia"
"Trachemys scripta";"Reptilia"
"Trachemys scripta";"Reptilia"
"Trachemys scripta";"Reptilia"
"Trachemys scripta";"Reptilia"
"Trachemys scripta";"Reptilia"
"Trachemys scripta";"Reptilia"
"Trachemys scripta";"Reptilia"
"Trachemys scripta";"Reptilia"
"Trachemys scripta";"Reptilia"
"Trachemys scripta";"Reptilia"
"Trachemys scripta";"Reptilia"
"Trachemys scripta";"Reptilia"
"Trachemys scripta";"Reptilia"
"Trachemys scripta";"Reptilia"
"Trachemys scripta";"Reptilia"
"Trachemys scripta";"Reptilia"
"Trachemys scripta";"Reptilia"
"Trachemys scripta";"Reptilia"
"Trachemys scripta";"Reptilia"
"Trachemys scripta";"Reptilia"
"Trachemys scripta";"Reptilia"
"Trachemys scripta";"Reptilia"
"Trachemys scripta";"Reptilia"
"Trachemys scripta";"Reptilia"
"Trachemys scripta";"Reptilia"
"Trachemys scripta";"Reptilia"
"Trachemys scripta";"Reptilia"
"Trachemys scripta";"Reptilia"
"Trachemys scripta";"Reptilia"
"Trachemys scripta";"Reptilia"
"Trachemys scripta";"Reptilia"
"Trachemys scripta";"Reptilia"
"Trachemys scripta";"Reptilia"
"Trachemys scripta";"Reptilia"
"Trachemys scripta";"Reptilia"
"Trachemys scripta";"Reptilia"
"Trachemys scripta";"Reptilia"
"Trachemys scripta";"Reptilia"
"Trachemys scripta";"Reptilia"
"Trachemys scripta";"Reptilia"
"Trachemys scripta";"Reptilia"
"Trachemys scripta";"Reptilia"
"Trachemys scripta";"Reptilia"
"Trachemys scripta";"Reptilia"
"Trachemys scripta";"Reptilia"
"Trachemys scripta";"Reptilia"
"Trachemys scripta";"Reptilia"
"Trachemys scripta";"Reptilia"
"Trachemys scripta";"Reptilia"
"Trachemys scripta";"Reptilia"
"Trachemys scripta";"Reptilia"
"Trachemys scripta";"Reptilia"
"Trachemys scripta";"Reptilia"
"Trachemys scripta";"Reptilia"
"Trachemys scripta";"Reptilia"
"Trachemys scripta";"Reptilia"
"Trachemys scripta";"Reptilia"
"Trachemys scripta";"Reptilia"
"Trachemys scripta";"Reptilia"
"Trachemys scripta";"Reptilia"
"Trachemys scripta";"Reptilia"
"Trachemys scripta";"Reptilia"
"Trachemys scripta";"Reptilia"
"Trachemys scripta";"Reptilia"
"Trachemys scripta";"Reptilia"
"Trachemys scripta";"Reptilia"
"Trachemys scripta";"Reptilia"
"Trachemys scripta";"Reptilia"
"Trachemys scripta";"Reptilia"
"Trachemys scripta";"Reptilia"
"Trachemys scripta";"Reptilia"
"Trachemys scripta";"Reptilia"
"Trachemys scripta";"Reptilia"
"Trachemys scripta";"Reptilia"
"Trachemys scripta";"Reptilia"
"Trachemys scripta";"Reptilia"
"Trachemys scripta";"Reptilia"
"Trachemys scripta";"Reptilia"
"Trachemys scripta";"Reptilia"
"Trachemys scripta";"Reptilia"
"Trachemys scripta";"Reptilia"
"Trachemys scripta";"Reptilia"
"Trachemys scripta";"Reptilia"
"Trachemys scripta";"Reptilia"
"Trachemys scripta";"Reptilia"
"Trachemys scripta";"Reptilia"
"Trachemys scripta";"Reptilia"
"Trachemys scripta";"Reptilia"
"Trachemys scripta";"Reptilia"
"Trachemys scripta";"Reptilia"
"Trachemys scripta";"Reptilia"
"Trachemys scripta";"Reptilia"
"Trachemys scripta";"Reptilia"
"Trachemys scripta";"Reptilia"
"Trachemys scripta";"Reptilia"
"Trachemys scripta";"Reptilia"
"Trachemys scripta";"Reptilia"
"Trachemys scripta";"Reptilia"
"Trachemys scripta";"Reptilia"
"Trachemys scripta";"Reptilia"
"Trachemys scripta";"Reptilia"
"Trachemys scripta";"Reptilia"
"Trachemys scripta";"Reptilia"
"Trachemys scripta";"Reptilia"
"Trachemys scripta";"Reptilia"
"Trachemys scripta";"Reptilia"
"Trachemys scripta";"Reptilia"
"Trachemys scripta";"Reptilia"
"Trachemys scripta";"Reptilia"
"Trachemys scripta";"Reptilia"
"Trachemys scripta";"Reptilia"
"Trachemys scripta";"Reptilia"
"Trachemys scripta";"Reptilia"
"Trachemys scripta";"Reptilia"
"Trachemys scripta";"Reptilia"
"Trachemys scripta";"Reptilia"
"Trachemys scripta";"Reptilia"
"Trachemys scripta";"Reptilia"
"Trachemys scripta";"Reptilia"
"Trachemys scripta";"Reptilia"
"Trachemys scripta";"Reptilia"
"Trachemys scripta";"Reptilia"
"Trachemys scripta";"Reptilia"
"Trachemys stejnegeri";"Reptilia"
"Trachemys stejnegeri";"Reptilia"
"Trachemys stejnegeri";"Reptilia"
"Trachemys stejnegeri";"Reptilia"
"Trachemys stejnegeri";"Reptilia"
"Trachemys terrapen";"Reptilia"
"Trachycephalus jordani";"Amphibia"
"Trachycephalus typhonius";"Amphibia"
"Trachylepis aurata";"Reptilia"
"Trachylepis aurata";"Reptilia"
"Trachylepis aurata";"Reptilia"
"Trachylepis comorensis";"Reptilia"
"Trachylepis quinquetaeniata";"Reptilia"
"Tretioscincus bifasciatus";"Reptilia"
"Trimeresurus mucrosquamatus";"Reptilia"
"Trimeresurus popeiorum";"Reptilia"
"Trionyx triunguis";"Reptilia"
"Triturus alpestris";"Amphibia"
"Triturus carnifex";"Amphibia"
"Triturus carnifex";"Amphibia"
"Triturus carnifex";"Amphibia"
"Triturus carnifex";"Amphibia"
"Triturus carnifex";"Reptilia"
"Triturus carnifex";"Amphibia"
"Triturus carnifex";"Amphibia"
"Triturus carnifex";"Amphibia"
"Triturus carnifex";"Amphibia"
"Triturus carnifex";"Amphibia"
"Tropidurus hispidus";"Reptilia"
"Tupinambis teguixin";"Reptilia"
"Tupinambis teguixin";"Reptilia"
"Typhlops lumbricalis";"Reptilia"
"Typhlops pusillus";"Reptilia"
"Uromastyx acanthinura";"Reptilia"
"Uromastyx acanthinura";"Reptilia"
"Uromastyx acanthinura";"Reptilia"
"Uromastyx acanthinurus";"Reptilia"
"Uta stansburiana";"Reptilia"
"Varanus caudolineatus";"Reptilia"
"Varanus exanthematicus";"Reptilia"
"Varanus exanthematicus";"Reptilia"
"Varanus exanthematicus";"Reptilia"
"Varanus gouldii";"Reptilia"
"Varanus indicus";"Reptilia"
"Varanus indicus";"Reptilia"
"Varanus indicus";"Reptilia"
"Varanus indicus";"Reptilia"
"Varanus indicus";"Reptilia"
"Varanus indicus";"Reptilia"
"Varanus indicus";"Reptilia"
"Varanus niloticus";"Reptilia"
"Varanus niloticus";"Reptilia"
"Varanus rosenbergi";"Reptilia"
"Varanus salvator";"Reptilia"
"Varanus salvator";"Reptilia"
"Varanus salvator";"Reptilia"
"Varanus salvator";"Reptilia"
"Xenochrophis vittatus";"Reptilia"
"Xenopus laevis";"Amphibia"
"Xenopus laevis";"Amphibia"
"Xenopus laevis";"Amphibia"
"Xenopus laevis";"Amphibia"
"Xenopus laevis";"Amphibia"
"Xenopus laevis";"Amphibia"
"Xenopus laevis";"Amphibia"
"Xenopus laevis";"Amphibia"
"Xenopus laevis";"Amphibia"
"Xenopus laevis";"Amphibia"
"Xenopus laevis";"Amphibia"
"Xenopus laevis";"Amphibia"
"Xenopus laevis";"Amphibia"
"Xenopus laevis";"Amphibia"
"Xenopus laevis";"Amphibia"
"Xenopus laevis";"Amphibia"
"Xenopus laevis";"Amphibia"
"Xenopus laevis";"Amphibia"
"Xenopus laevis";"Amphibia"
"Xenopus laevis";"Amphibia"
"Zootoca vivipara";"Reptilia"
